"",index,raw data name,raw data name round,RAMClustR mz_rt,RAMClustR adduct
"1",1,81.5179849604359 / 39.9000015258789,81.518 / 39.9,,
"2",2,82.0191760858652 / 39.9000015258789,82.019 / 39.9,,
"3",3,83.0576473574949 / 30.8999996185303,83.058 / 30.9,,
"4",4,83.0576492187378 / 25.5,83.058 / 25.5,,
"5",5,91.0219167335147 / 39.6279373168945,91.022 / 39.6,,
"6",6,94.0429886347041 / 39.5999984741211,94.043 / 39.6,,
"7",7,94.5444244486798 / 39.5999984741211,94.544 / 39.6,,
"8",8,95.0423117613075 / 39.5999984741211,95.042 / 39.6,,
"9",9,100.074392965554 / 127.199996948242,100.074 / 127.2,,
"10",10,102.032572747331 / 39.5999984741211,102.033 / 39.6,,
"11",11,102.533098879328 / 39.5999984741211,102.533 / 39.6,,
"12",12,103.546527920434 / 39.2999992370605,103.547 / 39.3,103.547 / 39.3,
"13",13,104.105360970295 / 46.5,104.105 / 46.5,,
"14",14,105.03217356251 / 450.562622070312,105.032 / 450.6,,
"15",15,105.040591939202 / 43.7244701385498,105.041 / 43.7,,
"16",16,110.008023984773 / 39.9000015258789,110.008 / 39.9,,
"17",17,110.017890203856 / 1.79999995231628,110.018 / 1.8,110.018 / 1.8,[M+H]+
"18",18,110.017890609979 / 27.8999996185303,110.018 / 27.9,,
"19",19,111.53505725799 / 39.2999992370605,111.535 / 39.3,,
"20",20,114.06495368033 / 48.5999984741211,114.065 / 48.6,,
"21",21,115.067766555075 / 48.2999992370605,115.068 / 48.3,,
"22",22,116.105855852907 / 51.247766494751,116.106 / 51.2,,
"23",23,118.084702814779 / 49.2000007629395,118.085 / 49.2,,
"24",24,120.065011576347 / 52.7999992370605,120.065 / 52.8,,
"25",25,120.07918247977 / 131.699996948242,120.079 / 131.7,120.079 / 131.7,
"26",26,121.029162900568 / 191.699996948242,121.029 / 191.7,,
"27",27,121.028463516518 / 249,121.028 / 249,,
"28",28,121.070554826897 / 52.7999992370605,121.071 / 52.8,,
"29",29,121.070522229512 / 78.3000030517578,121.071 / 78.3,,
"30",30,121.070691718454 / 105.599998474121,121.071 / 105.6,,
"31",31,121.071007286355 / 58.7999992370605,121.071 / 58.8,,
"32",32,121.063187046906 / 1011.29998779297,121.063 / 1011.3,,
"33",33,121.070631599901 / 96.6000061035156,121.071 / 96.6,,
"34",34,121.070668525859 / 139.5,121.071 / 139.5,,
"35",35,121.070718463847 / 201.899993896484,121.071 / 201.9,,
"36",36,121.063162518084 / 988.350006103516,121.063 / 988.4,,
"37",37,121.070714944662 / 112.5,121.071 / 112.5,,
"38",38,121.070759230425 / 116.399997711182,121.071 / 116.4,,
"39",39,121.070721601164 / 127.200012207031,121.071 / 127.2,,
"40",40,122.545478988868 / 39,122.545 / 39,,
"41",41,123.043374766355 / 39,123.043 / 39,,
"42",42,125.985197696051 / 39.9000015258789,125.985 / 39.9,,
"43",43,126.090427057418 / 210,126.09 / 210,126.09 / 210,[M+H-NH3-COCH2]+
"44",44,130.048188380852 / 67.2000045776367,130.048 / 67.2,,
"45",45,130.048242831943 / 509.399993896484,130.048 / 509.4,,
"46",46,130.064239986024 / 920.700012207031,130.064 / 920.7,130.064 / 920.7,
"47",47,130.107801050616 / 49.7999992370605,130.108 / 49.8,,
"48",48,131.047915070976 / 776.099975585938,131.048 / 776.1,131.048 / 776.1,[M+H-NH3-H2O-H2O]+
"49",49,132.043497154123 / 258.600006103516,132.043 / 258.6,,
"50",50,132.10044364407 / 84,132.1 / 84,,
"51",51,136.046639783945 / 48.2999992370605,136.047 / 48.3,,
"52",52,137.044290529425 / 62.8223495483398,137.044 / 62.8,,
"53",53,137.069476937039 / 46.2000007629395,137.069 / 46.2,,
"54",54,138.054013111344 / 50.7000007629395,138.054 / 50.7,,
"55",55,139.048861070664 / 57.2999992370605,139.049 / 57.3,,
"56",56,140.141720609831 / 2018.40002441406,140.142 / 2018.4,,
"57",57,140.141577618097 / 2065.04992675781,140.142 / 2065,,
"58",58,140.141527298946 / 1977.90002441406,140.142 / 1977.9,140.142 / 1977.9,[M+H]+
"59",59,141.139362086489 / 2018.09997558594,141.139 / 2018.1,,
"60",60,141.139048051894 / 2065.19995117188,141.139 / 2065.2,,
"61",61,142.085252500669 / 62.0888195037842,142.085 / 62.1,,
"62",62,142.157693475427 / 2010,142.158 / 2010,,
"63",63,142.157168378136 / 1969.80004882812,142.157 / 1969.8,,
"64",64,142.157214196967 / 2089.19995117188,142.157 / 2089.2,,
"65",65,142.157111072337 / 1990.65002441406,142.157 / 1990.7,,
"66",66,142.157946532521 / 1895.69995117188,142.158 / 1895.7,,
"67",67,143.116073524005 / 54.3295230865479,143.116 / 54.3,,
"68",68,144.100464830391 / 51.6000022888184,144.1 / 51.6,,
"69",69,144.100754544883 / 56.6285247802734,144.101 / 56.6,,
"70",70,144.136733535543 / 896.099975585938,144.137 / 896.1,,
"71",71,144.136843623196 / 878.099975585938,144.137 / 878.1,,
"72",72,145.104292272914 / 51.387825012207,145.104 / 51.4,,
"73",73,146.058995839916 / 280.800018310547,146.059 / 280.8,146.059 / 280.8,[M+H-COCH2]+
"74",74,146.079476817927 / 86.4000015258789,146.079 / 86.4,,
"75",75,147.046259945366 / 89.9999923706055,147.046 / 90,,
"76",76,150.053622946807 / 258.600006103516,150.054 / 258.6,,
"77",77,150.057729646018 / 63.5413055419922,150.058 / 63.5,,
"78",78,151.033812415747 / 39.5999984741211,151.034 / 39.6,,
"79",79,151.05994904907 / 110.100006103516,151.06 / 110.1,151.06 / 110.1,[M+H- C5H10O5+H2O]+
"80",80,151.142838875331 / 48.2999954223633,151.143 / 48.3,,
"81",81,152.020380634306 / 48,152.02 / 48,,
"82",82,152.035954723678 / 39.5999984741211,152.036 / 39.6,,
"83",83,152.145396059509 / 48,152.145 / 48,,
"84",84,153.03191438288 / 39.5999984741211,153.032 / 39.6,,
"85",85,153.064559767679 / 80.4000015258789,153.065 / 80.4,,
"86",86,154.058498074774 / 133.800003051758,154.058 / 133.8,154.058 / 133.8,[M+H- C5H10O5+H2O]+
"87",87,154.057887581756 / 79.5,154.058 / 79.5,,
"88",88,158.079478150859 / 264.300018310547,158.079 / 264.3,,
"89",89,158.115991876096 / 58.7999992370605,158.116 / 58.8,,
"90",90,158.116050636216 / 66.9086532592773,158.116 / 66.9,,
"91",91,158.962799014778 / 43.7999992370605,158.963 / 43.8,158.963 / 43.8,[M+H]+
"92",92,159.063709606995 / 294.300018310547,159.064 / 294.3,,
"93",93,159.14765025414 / 43.5,159.148 / 43.5,,
"94",94,159.147934553283 / 72.8999938964844,159.148 / 72.9,,
"95",95,160.095517378016 / 145.800003051758,160.096 / 145.8,160.096 / 145.8,[M+H]+
"96",96,160.095247894169 / 98.7000045776367,160.095 / 98.7,,
"97",97,160.095212271926 / 307.5,160.095 / 307.5,,
"98",98,160.10708601067 / 68.4000015258789,160.107 / 68.4,,
"99",99,160.131637992712 / 54.5999984741211,160.132 / 54.6,,
"100",100,161.090928311347 / 198.599990844727,161.091 / 198.6,,
"101",101,162.053315798117 / 637.799987792969,162.053 / 637.8,,
"102",102,162.053575103525 / 450.000030517578,162.054 / 450,,
"103",103,162.074643634265 / 67.2629318237305,162.075 / 67.3,,
"104",104,162.111154641249 / 47.7000007629395,162.111 / 47.7,,
"105",105,163.073924924806 / 1659.59997558594,163.074 / 1659.6,,
"106",106,163.07401318733 / 1672.5,163.074 / 1672.5,,
"107",107,164.072780708047 / 90,164.073 / 90,,
"108",108,165.053261038207 / 70.5,165.053 / 70.5,,
"109",109,166.08470542122 / 131.699996948242,166.085 / 131.7,166.085 / 131.7,[M+H]+
"110",110,166.070998023902 / 62.4000015258789,166.071 / 62.4,,
"111",111,166.071167741223 / 98.7000045776367,166.071 / 98.7,166.071 / 98.7,[M+H- C5H10O5+H2O]+
"112",112,166.197755541796 / 131.400009155273,166.198 / 131.4,,
"113",113,167.011187685135 / 39.5999984741211,167.011 / 39.6,,
"114",114,167.055062352095 / 109.799987792969,167.055 / 109.8,,
"115",115,167.08743696213 / 131.699996948242,167.087 / 131.7,167.087 / 131.7,
"116",116,168.593105122053 / 489.900024414062,168.593 / 489.9,,
"117",117,169.034539714875 / 60.6000022888184,169.035 / 60.6,,
"118",118,169.059354019262 / 163.800003051758,169.059 / 163.8,,
"119",119,169.095011293254 / 489.899993896484,169.095 / 489.9,,
"120",120,169.13231698211 / 52.5,169.132 / 52.5,,
"121",121,169.592393649318 / 489.900024414062,169.592 / 489.9,,
"122",122,170.040145579268 / 39.2999992370605,170.04 / 39.3,170.04 / 39.3,[2M+NH4]+
"123",123,170.058174967844 / 784.200012207031,170.058 / 784.2,170.058 / 784.2,[M+H-NH3-H2O-H2O]+
"124",124,170.043581594442 / 155.399993896484,170.044 / 155.4,,
"125",125,170.090857276597 / 77.1478538513184,170.091 / 77.1,,
"126",126,172.097024039974 / 624.600036621094,172.097 / 624.6,,
"127",127,172.163629752271 / 1223.40002441406,172.164 / 1223.4,,
"128",128,174.079534514056 / 87,174.08 / 87,,
"129",129,174.111058693135 / 670.500061035156,174.111 / 670.5,,
"130",130,174.110898361472 / 593.099975585938,174.111 / 593.1,,
"131",131,174.110940555289 / 270.600006103516,174.111 / 270.6,,
"132",132,174.122110869892 / 77.4065628051758,174.122 / 77.4,,
"133",133,175.077137600468 / 533.400024414062,175.077 / 533.4,,
"134",134,175.582466350129 / 570.900024414062,175.582 / 570.9,175.582 / 570.9,[M+H]+
"135",135,176.069288020325 / 674.099975585938,176.069 / 674.1,176.069 / 674.1,[M+H]+
"136",136,176.581265069642 / 570.900024414062,176.581 / 570.9,176.581 / 570.9,
"137",137,177.052846790899 / 601.118286132812,177.053 / 601.1,177.053 / 601.1,
"138",138,177.100079774706 / 66.5999984741211,177.1 / 66.6,,
"139",139,177.110404796515 / 805.200012207031,177.11 / 805.2,,
"140",140,178.087752527347 / 154.800003051758,178.088 / 154.8,,
"141",141,180.063477321305 / 450.364379882812,180.063 / 450.4,,
"142",142,180.085046479155 / 189.300018310547,180.085 / 189.3,,
"143",143,180.078689898148 / 766.799987792969,180.079 / 766.8,180.079 / 766.8,[M+H-NH3-CO2-CH2O]+
"144",144,180.182146157538 / 450.50358581543,180.182 / 450.5,,
"145",145,180.263388198542 / 450.308502197266,180.263 / 450.3,180.263 / 450.3,
"146",146,180.315546902205 / 450.299987792969,180.316 / 450.3,180.316 / 450.3,
"147",147,180.469348821146 / 450.300018310547,180.469 / 450.3,180.469 / 450.3,
"148",148,181.058890932384 / 298.200012207031,181.059 / 298.2,,
"149",149,181.067156870322 / 450.299987792969,181.067 / 450.3,181.067 / 450.3,
"150",150,181.070115584192 / 166.199996948242,181.07 / 166.2,,
"151",151,181.07024900749 / 269.100006103516,181.07 / 269.1,,
"152",152,181.083360384615 / 766.799987792969,181.083 / 766.8,,
"153",153,182.061989996228 / 298.199981689453,182.062 / 298.2,,
"154",154,182.079243412911 / 70.7999954223633,182.079 / 70.8,,
"155",155,182.066240425441 / 82.5226058959961,182.066 / 82.5,,
"156",156,182.079346918741 / 527.700012207031,182.079 / 527.7,,
"157",157,182.068933328447 / 450.299987792969,182.069 / 450.3,182.069 / 450.3,
"158",158,182.98396807255 / 1.79999995231628,182.984 / 1.8,182.984 / 1.8,
"159",159,182.98420910108 / 26.3999996185303,182.984 / 26.4,,
"160",160,182.984242821645 / 21.6000003814697,182.984 / 21.6,,
"161",161,182.983969265585 / 32.4000015258789,182.984 / 32.4,,
"162",162,183.049764564375 / 92.0999984741211,183.05 / 92.1,183.05 / 92.1,[M+H]+
"163",163,183.079094513341 / 1368.59997558594,183.079 / 1368.6,,
"164",164,183.082981705752 / 70.7999954223633,183.083 / 70.8,,
"165",165,183.110776986213 / 97.1999969482422,183.111 / 97.2,,
"166",166,184.058697879144 / 86.000789642334,184.059 / 86,,
"167",167,184.095141300076 / 620.699951171875,184.095 / 620.7,,
"168",168,184.615510279845 / 482.099975585938,184.616 / 482.1,184.616 / 482.1,[M+H]+
"169",169,185.126385250712 / 210,185.126 / 210,185.126 / 210,[M+H]+
"170",170,185.116739372595 / 482.100006103516,185.117 / 482.1,185.117 / 482.1,
"171",171,185.115087388583 / 652.499938964844,185.115 / 652.5,185.115 / 652.5,[M+H-H2O]+
"172",172,186.017038820973 / 39.2999992370605,186.017 / 39.3,,
"173",173,186.110720033519 / 642.899963378906,186.111 / 642.9,,
"174",174,186.129065892893 / 210,186.129 / 210,186.129 / 210,
"175",175,186.182643751869 / 1305.59997558594,186.183 / 1305.6,186.183 / 1305.6,[M+H]+
"176",176,187.124071632339 / 1035,187.124 / 1035,,
"177",177,187.186308182616 / 1305.59997558594,187.186 / 1305.6,187.186 / 1305.6,
"178",178,188.068967746349 / 280.799987792969,188.069 / 280.8,188.069 / 280.8,[M+H]+
"179",179,188.100476200848 / 60.9000015258789,188.1 / 60.9,,
"180",180,188.173734573499 / 45.2999992370605,188.174 / 45.3,,
"181",181,189.073726792555 / 332.099975585938,189.074 / 332.1,,
"182",182,189.071399592787 / 280.799987792969,189.071 / 280.8,189.071 / 280.8,
"183",183,189.086621439966 / 60.2999992370605,189.087 / 60.3,,
"184",184,189.132986262598 / 48.2999992370605,189.133 / 48.3,,
"185",185,189.158294935037 / 44.7000007629395,189.158 / 44.7,,
"186",186,190.047939588552 / 407.700012207031,190.048 / 407.7,,
"187",187,190.075985040531 / 68.0999984741211,190.076 / 68.1,190.076 / 68.1,[M+H-C2H6]+
"188",188,192.060566929581 / 39,192.061 / 39,,
"189",189,192.063303689003 / 430.5,192.063 / 430.5,,
"190",190,192.063031630125 / 615.299987792969,192.063 / 615.3,,
"191",191,192.102984382243 / 533.400024414062,192.103 / 533.4,,
"192",192,193.094829097937 / 57.2999992370605,193.095 / 57.3,,
"193",193,193.10565873912 / 533.699981689453,193.106 / 533.7,,
"194",194,193.152843587613 / 49.0426368713379,193.153 / 49,,
"195",195,194.078830562283 / 619.5,194.079 / 619.5,,
"196",196,194.101527127866 / 126.599998474121,194.102 / 126.6,194.102 / 126.6,[M+H- C5H10O5+H2O]+
"197",197,194.093783019613 / 879.376403808594,194.094 / 879.4,194.094 / 879.4,
"198",198,195.074273149678 / 196.5,195.074 / 196.5,,
"199",199,195.08548676525 / 504.299987792969,195.085 / 504.3,,
"200",200,195.131671191928 / 52.5,195.132 / 52.5,,
"201",201,196.05901055325 / 192,196.059 / 192,,
"202",202,196.058449097357 / 249,196.058 / 249,,
"203",203,196.058574821919 / 631.5,196.059 / 631.5,,
"204",204,196.058374526364 / 548.100036621094,196.058 / 548.1,,
"205",205,197.064562810101 / 236.399993896484,197.065 / 236.4,,
"206",206,197.064786504262 / 151.199996948242,197.065 / 151.2,,
"207",207,197.078517620579 / 839.100036621094,197.079 / 839.1,,
"208",208,197.062078434487 / 249.300003051758,197.062 / 249.3,,
"209",209,197.126072571338 / 464.100006103516,197.126 / 464.1,,
"210",210,198.067246460037 / 236.100006103516,198.067 / 236.1,,
"211",211,199.080172876712 / 60.3000030517578,199.08 / 60.3,,
"212",212,199.094295457557 / 766.799987792969,199.094 / 766.8,,
"213",213,199.083368229901 / 106.5,199.083 / 106.5,,
"214",214,199.105722451539 / 115.199996948242,199.106 / 115.2,,
"215",215,200.053010519555 / 126.89998626709,200.053 / 126.9,,
"216",216,200.089822944768 / 102.299995422363,200.09 / 102.3,,
"217",217,200.089598909889 / 92.4000015258789,200.09 / 92.4,,
"218",218,201.1095841405 / 692.099975585938,201.11 / 692.1,201.11 / 692.1,[M+H-H2O]+
"219",219,201.585540013592 / 155.849990844727,201.586 / 155.8,,
"220",220,202.045381604908 / 451.799987792969,202.045 / 451.8,,
"221",221,202.095849098842 / 503.699981689453,202.096 / 503.7,,
"222",222,202.116649014928 / 66,202.117 / 66,,
"223",223,202.140262213491 / 990.299987792969,202.14 / 990.3,,
"224",224,203.079969241644 / 93.6000061035156,203.08 / 93.6,203.08 / 93.6,[M+H-H2O]+
"225",225,203.10796439736 / 843,203.108 / 843,,
"226",226,203.125464896741 / 652.5,203.125 / 652.5,203.125 / 652.5,[M+H]+
"227",227,203.137211876875 / 57.9000015258789,203.137 / 57.9,,
"228",228,204.084843869321 / 99.2999954223633,204.085 / 99.3,,
"229",229,204.083160031932 / 929.700012207031,204.083 / 929.7,,
"230",230,204.110303476776 / 643.799987792969,204.11 / 643.8,,
"231",231,204.11057836334 / 256.200012207031,204.111 / 256.2,204.111 / 256.2,[M+H]+
"232",232,204.110939565427 / 527.099975585938,204.111 / 527.1,204.111 / 527.1,[M+H-CO2]+
"233",233,204.121439428736 / 62.3272132873535,204.121 / 62.3,,
"234",234,205.094511875465 / 280.799987792969,205.095 / 280.8,205.095 / 280.8,[M+NH4]+
"235",235,205.124564690344 / 62.1000003814697,205.125 / 62.1,,
"236",236,205.115906694621 / 256.200012207031,205.116 / 256.2,205.116 / 256.2,
"237",237,205.221369315403 / 280.937805175781,205.221 / 280.9,,
"238",238,206.043106646604 / 299.100006103516,206.043 / 299.1,,
"239",239,206.078516301255 / 776.100006103516,206.079 / 776.1,206.079 / 776.1,[M+Na]+
"240",240,206.097686711771 / 280.799987792969,206.098 / 280.8,206.098 / 280.8,
"241",241,206.099976373502 / 331.799987792969,206.1 / 331.8,,
"242",242,206.132425253982 / 675,206.132 / 675,206.132 / 675,
"243",243,206.633499028306 / 674.757507324219,206.633 / 674.8,,
"244",244,207.08241634016 / 776.099975585938,207.082 / 776.1,207.082 / 776.1,
"245",245,207.101994182676 / 846.600036621094,207.102 / 846.6,,
"246",246,208.037460046189 / 39,208.037 / 39,,
"247",247,208.062652499224 / 73.5,208.063 / 73.5,,
"248",248,208.094241529699 / 683.162963867188,208.094 / 683.2,,
"249",249,209.089357599124 / 127.500015258789,209.089 / 127.5,,
"250",250,209.094102972127 / 1034.84460449219,209.094 / 1034.8,,
"251",251,209.114437664474 / 1177.80004882812,209.114 / 1177.8,,
"252",252,209.151376649235 / 1387.5,209.151 / 1387.5,,
"253",253,209.151452107261 / 1053.00012207031,209.151 / 1053,209.151 / 1053,[M+H-H2O]+
"254",254,210.058968223104 / 61.5,210.059 / 61.5,,
"255",255,210.073217625909 / 601.800048828125,210.073 / 601.8,,
"256",256,210.089125147163 / 766.799987792969,210.089 / 766.8,210.089 / 766.8,[M+H-NH3-CO2]+
"257",257,211.070821001656 / 118.800003051758,211.071 / 118.8,,
"258",258,211.054832451726 / 331.800018310547,211.055 / 331.8,,
"259",259,211.141346015515 / 646.5,211.141 / 646.5,,
"260",260,212.100641788923 / 53.0999984741211,212.101 / 53.1,,
"261",261,213.095467906977 / 184.800003051758,213.095 / 184.8,213.095 / 184.8,[M+H-COCH2]+
"262",262,213.120708362886 / 50.7000007629395,213.121 / 50.7,,
"263",263,214.032729035878 / 135.636291503906,214.033 / 135.6,,
"264",264,214.086417636201 / 1.79999995231628,214.086 / 1.8,,
"265",265,214.086343358887 / 30,214.086 / 30,,
"266",266,214.093188549014 / 519,214.093 / 519,214.093 / 519,[M+H-H2O]+
"267",267,214.213903900495 / 1575.59997558594,214.214 / 1575.6,,
"268",268,215.014113150069 / 64.5991630554199,215.014 / 64.6,,
"269",269,215.136385711203 / 68.1000061035156,215.136 / 68.1,215.136 / 68.1,
"270",270,216.111117438793 / 683.099975585938,216.111 / 683.1,,
"271",271,216.110852077341 / 290.586120605469,216.111 / 290.6,,
"272",272,217.095497810658 / 495.600006103516,217.095 / 495.6,,
"273",273,217.117203289983 / 765,217.117 / 765,,
"274",274,217.115672674948 / 105.599998474121,217.116 / 105.6,,
"275",275,217.115570667603 / 84,217.116 / 84,,
"276",276,217.118318959472 / 715.499938964844,217.118 / 715.5,,
"277",277,217.145115242783 / 55.2000007629395,217.145 / 55.2,,
"278",278,217.619595306132 / 764.700012207031,217.62 / 764.7,,
"279",279,218.112210932297 / 66.1467132568359,218.112 / 66.1,,
"280",280,218.12633824877 / 253.799995422363,218.126 / 253.8,218.126 / 253.8,[M+H]+
"281",281,218.130123083662 / 866.400024414062,218.13 / 866.4,,
"282",282,218.1213640818 / 105.3151512146,218.121 / 105.3,,
"283",283,218.137035457889 / 91.1999969482422,218.137 / 91.2,218.137 / 91.2,[M+H]+
"284",284,218.139503884639 / 152.699996948242,218.14 / 152.7,,
"285",285,218.13004664842 / 765.899993896484,218.13 / 765.9,,
"286",286,218.153567431794 / 54.9000015258789,218.154 / 54.9,,
"287",287,218.256914236234 / 253.800003051758,218.257 / 253.8,218.257 / 253.8,[M+H]+
"288",288,218.405910952947 / 253.800003051758,218.406 / 253.8,218.406 / 253.8,
"289",289,219.120660937112 / 692.099975585938,219.121 / 692.1,219.121 / 692.1,[M+H]+
"290",290,219.129457873617 / 253.799987792969,219.129 / 253.8,219.129 / 253.8,
"291",291,219.139983210185 / 91.1999969482422,219.14 / 91.2,219.14 / 91.2,
"292",292,219.167955426387 / 50.6999969482422,219.168 / 50.7,,
"293",293,220.05862936803 / 593.399963378906,220.059 / 593.4,,
"294",294,220.062104046458 / 101.699996948242,220.062 / 101.7,,
"295",295,220.115526946361 / 169.800003051758,220.116 / 169.8,,
"296",296,220.133236150148 / 843,220.133 / 843,,
"297",297,220.171565453106 / 50.6904792785645,220.172 / 50.7,,
"298",298,221.089760371239 / 93.75,221.09 / 93.8,,
"299",299,221.118609368567 / 169.605476379395,221.119 / 169.6,,
"300",300,221.136884474943 / 843,221.137 / 843,,
"301",301,222.077410927949 / 88.7999954223633,222.077 / 88.8,,
"302",302,223.017968679923 / 72.9000015258789,223.018 / 72.9,,
"303",303,223.094407542482 / 1141.80004882812,223.094 / 1141.8,223.094 / 1141.8,[M+H-H2O]+
"304",304,223.094201028301 / 602.834777832031,223.094 / 602.8,,
"305",305,223.097767231232 / 181.799987792969,223.098 / 181.8,,
"306",306,223.130044551742 / 1191.59997558594,223.13 / 1191.6,,
"307",307,224.075639055896 / 92.0999946594238,224.076 / 92.1,224.076 / 92.1,
"308",308,224.068930963929 / 123,224.069 / 123,,
"309",309,225.108020369489 / 652.5,225.108 / 652.5,225.108 / 652.5,[M+Na]+
"310",310,225.193891927557 / 1203.97668457031,225.194 / 1204,,
"311",311,226.068510795171 / 320.400024414062,226.069 / 320.4,,
"312",312,227.100209650487 / 157.5,227.1 / 157.5,,
"313",313,227.090455638166 / 863.100036621094,227.09 / 863.1,,
"314",314,227.122947567188 / 48.9000015258789,227.123 / 48.9,,
"315",315,227.125459758857 / 869.987091064453,227.125 / 870,,
"316",316,227.160770094287 / 1053.00012207031,227.161 / 1053,227.161 / 1053,[M+H]+
"317",317,227.171270506938 / 74.4388275146484,227.171 / 74.4,,
"318",318,228.125383067767 / 48.8999977111816,228.125 / 48.9,,
"319",319,228.111402849629 / 527.100036621094,228.111 / 527.1,228.111 / 527.1,
"320",320,228.229601545209 / 1630.80004882812,228.23 / 1630.8,,
"321",321,229.116171586389 / 52.5,229.116 / 52.5,,
"322",322,229.115597958456 / 318.150009155273,229.116 / 318.2,,
"323",323,229.14101898171 / 850.5,229.141 / 850.5,229.141 / 850.5,[M+H-H2O]+
"324",324,229.152597385167 / 64.5,229.153 / 64.5,,
"325",325,229.152610238768 / 86.7000045776367,229.153 / 86.7,229.153 / 86.7,[M+H]+
"326",326,229.286279731801 / 86.7000045776367,229.286 / 86.7,229.286 / 86.7,
"327",327,229.286002389122 / 63.9089775085449,229.286 / 63.9,,
"328",328,229.375562974601 / 86.6999969482422,229.376 / 86.7,229.376 / 86.7,
"329",329,229.437236414649 / 86.7000045776367,229.437 / 86.7,229.437 / 86.7,
"330",330,229.579910014823 / 1714.80002441406,229.58 / 1714.8,,
"331",331,230.137095025304 / 111.900001525879,230.137 / 111.9,,
"332",332,230.1552913263 / 86.6999969482422,230.155 / 86.7,230.155 / 86.7,
"333",333,230.156819821691 / 64.3012351989746,230.157 / 64.3,,
"334",334,230.183854614756 / 210,230.184 / 210,230.184 / 210,
"335",335,230.988220951976 / 64.5,230.988 / 64.5,230.988 / 64.5,[M+H]+
"336",336,231.066677745665 / 249.900024414062,231.067 / 249.9,231.067 / 249.9,[M+H]+
"337",337,231.081982950826 / 171.596878051758,231.082 / 171.6,,
"338",338,231.131581528079 / 132.165084838867,231.132 / 132.2,,
"339",339,231.130738906535 / 257.111602783203,231.131 / 257.1,,
"340",340,231.139153045606 / 1060.20007324219,231.139 / 1060.2,231.139 / 1060.2,[M+H]+
"341",341,231.14745027352 / 64.3926620483398,231.147 / 64.4,231.147 / 64.4,[M+H]+
"342",342,231.156145652428 / 849.299987792969,231.156 / 849.3,,
"343",343,232.105497424272 / 519,232.105 / 519,232.105 / 519,[M+H]+
"344",344,232.114923523369 / 640.799987792969,232.115 / 640.8,,
"345",345,232.127221490945 / 89.9457206726074,232.127 / 89.9,,
"346",346,232.152300253518 / 192.899993896484,232.152 / 192.9,,
"347",347,232.240654530378 / 519,232.241 / 519,,
"348",348,232.286653696201 / 193.150695800781,232.287 / 193.2,,
"349",349,232.439820228598 / 193.199981689453,232.44 / 193.2,,
"350",350,233.108664531397 / 519,233.109 / 519,233.109 / 519,
"351",351,233.110518917951 / 102.599998474121,233.111 / 102.6,233.111 / 102.6,[M+H-C2H3NO]+
"352",352,233.115250513824 / 88.5,233.115 / 88.5,,
"353",353,233.121689043274 / 52.5,233.122 / 52.5,,
"354",354,233.155326316608 / 192.900009155273,233.155 / 192.9,,
"355",355,234.084497897765 / 731.400024414062,234.084 / 731.4,,
"356",356,234.09508147257 / 174.600006103516,234.095 / 174.6,,
"357",357,234.121750882202 / 114.900001525879,234.122 / 114.9,,
"358",358,235.129178759899 / 1921.80004882812,235.129 / 1921.8,,
"359",359,235.166811719954 / 1612.80004882812,235.167 / 1612.8,,
"360",360,235.177992636542 / 591,235.178 / 591,,
"361",361,235.19138776755 / 2065.19995117188,235.191 / 2065.2,,
"362",362,235.191292327438 / 1977.90002441406,235.191 / 1977.9,235.191 / 1977.9,
"363",363,235.313574201877 / 591,235.314 / 591,235.314 / 591,
"364",364,235.403832757369 / 591,235.404 / 591,235.404 / 591,
"365",365,235.465242073855 / 591,235.465 / 591,235.465 / 591,
"366",366,235.640745374582 / 591,235.641 / 591,235.641 / 591,
"367",367,236.162061783418 / 552.900024414062,236.162 / 552.9,,
"368",368,236.181360041561 / 591,236.181 / 591,236.181 / 591,[M+H]+
"369",369,237.099540799078 / 1031.09997558594,237.1 / 1031.1,,
"370",370,237.121286995048 / 231,237.121 / 231,237.121 / 231,[M+H-H2O]+
"371",371,237.145697013314 / 1128.00012207031,237.146 / 1128,,
"372",372,237.188708317338 / 1977.90002441406,237.189 / 1977.9,237.189 / 1977.9,
"373",373,237.184408192039 / 591,237.184 / 591,237.184 / 591,
"374",374,238.09181822169 / 236.281105041504,238.092 / 236.3,238.092 / 236.3,
"375",375,239.104061943972 / 952.200012207031,239.104 / 952.2,,
"376",376,239.136449755795 / 806.399963378906,239.136 / 806.4,,
"377",377,239.964127616775 / 40.2000007629395,239.964 / 40.2,,
"378",378,240.095797688057 / 450.299987792969,240.096 / 450.3,240.096 / 450.3,[M+H]+
"379",379,240.105344137508 / 64.4819412231445,240.105 / 64.5,,
"380",380,241.091063618463 / 109.499992370605,241.091 / 109.5,,
"381",381,241.104837414141 / 1141.80004882812,241.105 / 1141.8,241.105 / 1141.8,[M+H]+
"382",382,241.152733266889 / 78.8944854736328,241.153 / 78.9,,
"383",383,241.152643169004 / 66.3473815917969,241.153 / 66.3,,
"384",384,241.152784358687 / 93.6000061035156,241.153 / 93.6,241.153 / 93.6,
"385",385,241.171440234609 / 1410.30004882812,241.171 / 1410.3,,
"386",386,241.168218683328 / 517.5,241.168 / 517.5,,
"387",387,242.173286289174 / 1410.00012207031,242.173 / 1410,,
"388",388,243.131859709845 / 541.200012207031,243.132 / 541.2,243.132 / 541.2,[M+H]+
"389",389,243.131273275326 / 604.799987792969,243.131 / 604.8,,
"390",390,243.13173626956 / 499.800003051758,243.132 / 499.8,,
"391",391,244.134591175463 / 541.200012207031,244.135 / 541.2,244.135 / 541.2,
"392",392,244.151938345391 / 420.609039306641,244.152 / 420.6,,
"393",393,244.188925275792 / 1096.80004882812,244.189 / 1096.8,,
"394",394,245.074223624595 / 57.6000022888184,245.074 / 57.6,,
"395",395,245.089741068693 / 784.200012207031,245.09 / 784.2,245.09 / 784.2,[M+Na]+
"396",396,245.093468575184 / 127.200004577637,245.093 / 127.2,,
"397",397,245.089506481715 / 892.799987792969,245.09 / 892.8,,
"398",398,245.115241612025 / 1314.29992675781,245.115 / 1314.3,,
"399",399,245.135630433023 / 869.700012207031,245.136 / 869.7,,
"400",400,245.147295856839 / 614.700012207031,245.147 / 614.7,245.147 / 614.7,[M+H]+
"401",401,245.158414939723 / 71.6207580566406,245.158 / 71.6,,
"402",402,245.155308122647 / 420.899993896484,245.155 / 420.9,,
"403",403,246.092988025935 / 784.200012207031,246.093 / 784.2,246.093 / 784.2,
"404",404,246.121201901142 / 527.099975585938,246.121 / 527.1,,
"405",405,246.149638796413 / 614.779357910156,246.15 / 614.8,,
"406",406,246.167502426843 / 483.300018310547,246.168 / 483.3,,
"407",407,246.167261858686 / 597,246.167 / 597,,
"408",408,246.260409405529 / 527.099975585938,246.26 / 527.1,246.26 / 527.1,
"409",409,246.354930572204 / 527.099975585938,246.355 / 527.1,246.355 / 527.1,
"410",410,246.415679325821 / 527.099975585938,246.416 / 527.1,246.416 / 527.1,
"411",411,246.595682461687 / 527.100036621094,246.596 / 527.1,246.596 / 527.1,
"412",412,247.090921441422 / 59.1061496734619,247.091 / 59.1,,
"413",413,247.092822828578 / 454.800018310547,247.093 / 454.8,247.093 / 454.8,
"414",414,247.105909612142 / 776.400024414062,247.106 / 776.4,,
"415",415,247.126275612505 / 122.100006103516,247.126 / 122.1,247.126 / 122.1,[M+H]+
"416",416,247.126579936854 / 224.100006103516,247.127 / 224.1,,
"417",417,247.126375589195 / 285.299987792969,247.126 / 285.3,,
"418",418,247.124510292003 / 526.799987792969,247.125 / 526.8,,
"419",419,247.141134660453 / 426.937469482422,247.141 / 426.9,,
"420",420,247.151735576412 / 850.494567871094,247.152 / 850.5,247.152 / 850.5,[M+H]+
"421",421,247.170458770035 / 483.798492431641,247.17 / 483.8,,
"422",422,248.093345283361 / 249.899993896484,248.093 / 249.9,248.093 / 249.9,[M+NH4]+
"423",423,248.091152155584 / 509.100006103516,248.091 / 509.1,,
"424",424,248.100586622111 / 454.799987792969,248.101 / 454.8,248.101 / 454.8,[M+H]+
"425",425,248.12924633573 / 122.099998474121,248.129 / 122.1,248.129 / 122.1,
"426",426,248.127435995124 / 527.099975585938,248.127 / 527.1,248.127 / 527.1,[M+H]+
"427",427,248.146724814216 / 69.3000030517578,248.147 / 69.3,,
"428",428,248.129623375227 / 224.399993896484,248.13 / 224.4,,
"429",429,248.162195719116 / 466.768753051758,248.162 / 466.8,,
"430",430,248.165463857261 / 1060.20007324219,248.165 / 1060.2,248.165 / 1060.2,[M+NH4]+
"431",431,249.105414112195 / 48.2999992370605,249.105 / 48.3,,
"432",432,249.095673466649 / 249.900009155273,249.096 / 249.9,249.096 / 249.9,
"433",433,249.10612305492 / 331.799987792969,249.106 / 331.8,,
"434",434,249.168837717912 / 1060.20007324219,249.169 / 1060.2,249.169 / 1060.2,
"435",435,250.036373457996 / 66.6237716674805,250.036 / 66.6,,
"436",436,250.078787379249 / 400.200012207031,250.079 / 400.2,,
"437",437,250.090872295792 / 118.199996948242,250.091 / 118.2,,
"438",438,250.099290395571 / 752.999908447266,250.099 / 753,,
"439",439,250.107916906748 / 497.394226074219,250.108 / 497.4,,
"440",440,250.116490382696 / 681.599975585938,250.116 / 681.6,,
"441",441,250.177861511512 / 719.400024414062,250.178 / 719.4,,
"442",442,250.177865818639 / 536.400024414062,250.178 / 536.4,,
"443",443,251.075415357384 / 148.5,251.075 / 148.5,,
"444",444,251.126082655472 / 1358.10009765625,251.126 / 1358.1,251.126 / 1358.1,[M+H-H2O]+
"445",445,251.126112724983 / 1178.39990234375,251.126 / 1178.4,,
"446",446,251.125883971987 / 1171.80004882812,251.126 / 1171.8,,
"447",447,252.084327381845 / 601.039306640625,252.084 / 601,,
"448",448,252.139706497022 / 764.999938964844,252.14 / 765,,
"449",449,253.095821262079 / 766.799987792969,253.096 / 766.8,253.096 / 766.8,[M+H-H2O]+
"450",450,253.095878774699 / 890.700012207031,253.096 / 890.7,,
"451",451,253.089045442668 / 201.582489013672,253.089 / 201.6,,
"452",452,253.095005864756 / 728.392913818359,253.095 / 728.4,,
"453",453,253.116050026404 / 219.900009155273,253.116 / 219.9,253.116 / 219.9,[M+H-H2O]+
"454",454,253.146517153927 / 842.700012207031,253.147 / 842.7,,
"455",455,254.086678064064 / 766.799987792969,254.087 / 766.8,254.087 / 766.8,[M+H-NH3]+
"456",456,254.159088821519 / 93,254.159 / 93,,
"457",457,255.095108922242 / 184.800003051758,255.095 / 184.8,255.095 / 184.8,[M+H]+
"458",458,255.099440471042 / 1035.29992675781,255.099 / 1035.3,,
"459",459,255.09960221361 / 1044,255.1 / 1044,,
"460",460,255.109616510534 / 879.279571533203,255.11 / 879.3,,
"461",461,255.115786698965 / 196.800003051758,255.116 / 196.8,,
"462",462,255.131945620414 / 231,255.132 / 231,255.132 / 231,[M+H]+
"463",463,255.156883080569 / 1231.79992675781,255.157 / 1231.8,,
"464",464,255.143375079602 / 60.9202690124512,255.143 / 60.9,,
"465",465,255.215626842899 / 923.700073242188,255.216 / 923.7,255.216 / 923.7,[M+H]+
"466",466,255.209174113046 / 1179.90002441406,255.209 / 1179.9,,
"467",467,255.642284452975 / 1922.09997558594,255.642 / 1922.1,,
"468",468,255.717560227513 / 923.699951171875,255.718 / 923.7,255.718 / 923.7,
"469",469,255.942525629738 / 40.2000007629395,255.943 / 40.2,,
"470",470,256.102526670649 / 1035.27600097656,256.103 / 1035.3,,
"471",471,256.115795544794 / 134.399993896484,256.116 / 134.4,,
"472",472,256.127442474274 / 267.279846191406,256.127 / 267.3,,
"473",473,256.142628995434 / 1055.09997558594,256.143 / 1055.1,256.143 / 1055.1,[M+H]+
"474",474,256.143986748092 / 1921.80004882812,256.144 / 1921.8,,
"475",475,256.13453643815 / 231,256.135 / 231,256.135 / 231,
"476",476,256.261574665954 / 1881.30004882812,256.262 / 1881.3,,
"477",477,256.640336601976 / 1921.80004882812,256.64 / 1921.8,,
"478",478,256.643719029851 / 1055.0751953125,256.644 / 1055.1,256.644 / 1055.1,
"479",479,257.111067340911 / 82.220085144043,257.111 / 82.2,,
"480",480,257.147610976621 / 689.700012207031,257.148 / 689.7,,
"481",481,257.150554392743 / 1125,257.151 / 1125,257.151 / 1125,[M+H]+
"482",482,257.158675714705 / 51,257.159 / 51,,
"483",483,257.147870749782 / 734.700012207031,257.148 / 734.7,,
"484",484,257.224079863953 / 1153.19995117188,257.224 / 1153.2,,
"485",485,257.651011193436 / 1124.99407958984,257.651 / 1125,257.651 / 1125,
"486",486,258.106748540164 / 68.0999984741211,258.107 / 68.1,258.107 / 68.1,[M+K]+
"487",487,258.150450021735 / 689.699981689453,258.15 / 689.7,,
"488",488,259.049119858277 / 92.7000045776367,259.049 / 92.7,,
"489",489,259.163472661871 / 756.600036621094,259.163 / 756.6,,
"490",490,260.147516878122 / 88.2000045776367,260.148 / 88.2,,
"491",491,260.1830726747 / 720.599975585938,260.183 / 720.6,,
"492",492,260.183329502546 / 650.400024414062,260.183 / 650.4,,
"493",493,261.096528758042 / 80.7000045776367,261.097 / 80.7,,
"494",494,261.101619110414 / 621.599975585938,261.102 / 621.6,,
"495",495,261.131943637168 / 662.700012207031,261.132 / 662.7,,
"496",496,261.142597596847 / 309,261.143 / 309,,
"497",497,261.142408620065 / 364.800018310547,261.142 / 364.8,,
"498",498,262.035949099495 / 76.1999969482422,262.036 / 76.2,,
"499",499,262.108415299133 / 521.700012207031,262.108 / 521.7,,
"500",500,262.126165712063 / 66.1386260986328,262.126 / 66.1,,
"501",501,262.117337174578 / 475.463333129883,262.117 / 475.5,,
"502",502,262.117581961631 / 597.608947753906,262.118 / 597.6,,
"503",503,262.125616693269 / 77.7000045776367,262.126 / 77.7,,
"504",504,262.117082484889 / 375.600036621094,262.117 / 375.6,,
"505",505,262.163299775799 / 95.6999969482422,262.163 / 95.7,262.163 / 95.7,[M+H]+
"506",506,263.04046719072 / 75.9000015258789,263.04 / 75.9,,
"507",507,263.101890352411 / 545.100036621094,263.102 / 545.1,,
"508",508,263.103423335767 / 559.5,263.103 / 559.5,,
"509",509,263.102489466177 / 474.899993896484,263.102 / 474.9,,
"510",510,263.137761979057 / 603,263.138 / 603,,
"511",511,263.146457562756 / 646.805419921875,263.146 / 646.8,,
"512",512,263.166551787574 / 95.6999969482422,263.167 / 95.7,263.167 / 95.7,
"513",513,264.115386886962 / 649.5,264.115 / 649.5,,
"514",514,264.194212268128 / 709.199951171875,264.194 / 709.2,264.194 / 709.2,[M+H]+
"515",515,264.229806681895 / 1090.50012207031,264.23 / 1090.5,,
"516",516,265.014306971427 / 39.8999977111816,265.014 / 39.9,,
"517",517,265.095689988317 / 439.200012207031,265.096 / 439.2,,
"518",518,265.115949441437 / 509.100006103516,265.116 / 509.1,,
"519",519,265.116090077966 / 513.900024414062,265.116 / 513.9,,
"520",520,265.142302565198 / 887.399963378906,265.142 / 887.4,,
"521",521,265.147262196029 / 859.800079345703,265.147 / 859.8,,
"522",522,265.196694933333 / 709.200012207031,265.197 / 709.2,265.197 / 709.2,
"523",523,265.259813487086 / 509.100006103516,265.26 / 509.1,,
"524",524,265.355845178037 / 509.399993896484,265.356 / 509.4,,
"525",525,265.42129323903 / 509.399993896484,265.421 / 509.4,,
"526",526,265.607878637698 / 509.100006103516,265.608 / 509.1,,
"527",527,266.100371998405 / 630.600036621094,266.1 / 630.6,266.1 / 630.6,[M+H]+
"528",528,266.100363301946 / 703.5,266.1 / 703.5,,
"529",529,266.119756962341 / 509.100006103516,266.12 / 509.1,,
"530",530,266.108190329852 / 504.299987792969,266.108 / 504.3,266.108 / 504.3,[M+H]+
"531",531,266.119756093919 / 514.200012207031,266.12 / 514.2,,
"532",532,266.136967829542 / 551.400024414062,266.137 / 551.4,266.137 / 551.4,[M+H]+
"533",533,267.057422645064 / 57.0321846008301,267.057 / 57,,
"534",534,267.103922589851 / 630.599975585938,267.104 / 630.6,267.104 / 630.6,
"535",535,267.10736394141 / 504.300018310547,267.107 / 504.3,267.107 / 504.3,
"536",536,267.120096976555 / 187.5,267.12 / 187.5,,
"537",537,267.120819285454 / 816.599975585938,267.121 / 816.6,,
"538",538,267.131609262576 / 756.900024414062,267.132 / 756.9,,
"539",539,267.120596268468 / 907.5,267.121 / 907.5,267.121 / 907.5,[M+H-H2O]+
"540",540,267.121264669646 / 509.099975585938,267.121 / 509.1,,
"541",541,267.129338545016 / 614.700012207031,267.129 / 614.7,267.129 / 614.7,[M+Na]+
"542",542,267.131854091938 / 137.150207519531,267.132 / 137.2,,
"543",543,267.139776103946 / 551.400024414062,267.14 / 551.4,267.14 / 551.4,
"544",544,267.168519378302 / 214.800003051758,267.169 / 214.8,267.169 / 214.8,[M+H]+
"545",545,268.102696562217 / 70.4972763061523,268.103 / 70.5,,
"546",546,268.152347835011 / 540.299987792969,268.152 / 540.3,268.152 / 540.3,[M+H]+
"547",547,268.171282144685 / 214.799987792969,268.171 / 214.8,268.171 / 214.8,
"548",548,269.122055588568 / 54.2999992370605,269.122 / 54.3,,
"549",549,269.147861175496 / 730.5,269.148 / 730.5,,
"550",550,269.136112157918 / 1358.10009765625,269.136 / 1358.1,269.136 / 1358.1,[M+H]+
"551",551,269.136633905175 / 1178.10009765625,269.137 / 1178.1,269.137 / 1178.1,[M+H]+
"552",552,269.136511329914 / 1172.09997558594,269.137 / 1172.1,,
"553",553,269.154794778322 / 540.299987792969,269.155 / 540.3,269.155 / 540.3,
"554",554,270.277891257303 / 1834.80004882812,270.278 / 1834.8,,
"555",555,271.090895094073 / 86.6999969482422,271.091 / 86.7,,
"556",556,271.106017078894 / 766.799987792969,271.106 / 766.8,271.106 / 766.8,[M+H]+
"557",557,271.127260746994 / 219.900009155273,271.127 / 219.9,271.127 / 219.9,[M+H]+
"558",558,271.162814166088 / 824.708740234375,271.163 / 824.7,,
"559",559,271.163450695186 / 896.099975585938,271.163 / 896.1,,
"560",560,271.162350798387 / 750.299987792969,271.162 / 750.3,,
"561",561,271.204123470626 / 984.737548828125,271.204 / 984.7,,
"562",562,272.093333107777 / 86.7000045776367,272.093 / 86.7,,
"563",563,272.108349607843 / 766.799987792969,272.108 / 766.8,272.108 / 766.8,
"564",564,272.183746268328 / 699.900024414062,272.184 / 699.9,272.184 / 699.9,[M+H]+
"565",565,272.183674104995 / 778.800048828125,272.184 / 778.8,,
"566",566,273.125266222307 / 196.800003051758,273.125 / 196.8,,
"567",567,273.187125203954 / 699.900024414062,273.187 / 699.9,273.187 / 699.9,
"568",568,273.219737262681 / 1180.49987792969,273.22 / 1180.5,,
"569",569,274.103116833493 / 73.1999969482422,274.103 / 73.2,,
"570",570,274.117653976481 / 225.300003051758,274.118 / 225.3,,
"571",571,274.13007131237 / 196.800003051758,274.13 / 196.8,,
"572",572,274.182259831166 / 1151.09997558594,274.182 / 1151.1,,
"573",573,274.182015972599 / 1171.50012207031,274.182 / 1171.5,,
"574",574,274.199832412123 / 822.599975585938,274.2 / 822.6,,
"575",575,275.104439360564 / 602.700012207031,275.104 / 602.7,,
"576",576,275.12243997991 / 197.099990844727,275.122 / 197.1,,
"577",577,275.157812791785 / 454.5,275.158 / 454.5,,
"578",578,275.184400207248 / 1150.84002685547,275.184 / 1150.8,,
"579",579,276.124335005937 / 630.299987792969,276.124 / 630.3,,
"580",580,276.124578927018 / 649.200012207031,276.125 / 649.2,,
"581",581,276.142365311453 / 83.6999969482422,276.142 / 83.7,,
"582",582,276.142271617701 / 123.527900695801,276.142 / 123.5,,
"583",583,276.179304273973 / 280.309936523438,276.179 / 280.3,,
"584",584,276.197239494209 / 1239.89990234375,276.197 / 1239.9,,
"585",585,277.084225714976 / 73.5,277.084 / 73.5,,
"586",586,277.145894443258 / 123.599998474121,277.146 / 123.6,,
"587",587,277.146999156406 / 83.6999969482422,277.147 / 83.7,,
"588",588,278.140027030726 / 682.5,278.14 / 682.5,,
"589",589,279.091912010016 / 1209.30004882812,279.092 / 1209.3,,
"590",590,279.157261462645 / 1714.5,279.157 / 1714.5,,
"591",591,279.138776128731 / 618.599975585938,279.139 / 618.6,,
"592",592,279.157250753765 / 928.5,279.157 / 928.5,,
"593",593,279.140680832646 / 690,279.141 / 690,,
"594",594,279.157082712667 / 30.8999996185303,279.157 / 30.9,,
"595",595,279.156840632579 / 25.3500003814697,279.157 / 25.4,,
"596",596,279.682553938776 / 514.5,279.683 / 514.5,,
"597",597,280.110144086547 / 290.700012207031,280.11 / 290.7,280.11 / 290.7,[M+Na]+
"598",598,280.160482769624 / 1714.8,280.16 / 1714.8,,
"599",599,280.187826561479 / 531,280.188 / 531,,
"600",600,280.261024351297 / 1820.40002441406,280.261 / 1820.4,,
"601",601,280.991785323333 / 39.5999984741211,280.992 / 39.6,,
"602",602,281.097488997793 / 520.200012207031,281.097 / 520.2,,
"603",603,281.111416899387 / 167.699996948242,281.111 / 167.7,281.111 / 167.7,[M+H]+
"604",604,281.11156346844 / 240.600006103516,281.112 / 240.6,,
"605",605,281.11165322269 / 350.846878051758,281.112 / 350.8,,
"606",606,281.111523087593 / 418.799987792969,281.112 / 418.8,,
"607",607,281.111984399263 / 618.900024414062,281.112 / 618.9,,
"608",608,281.112191271005 / 290.700012207031,281.112 / 290.7,281.112 / 290.7,
"609",609,281.148176031957 / 848.699951171875,281.148 / 848.7,,
"610",610,282.117454734296 / 60.9000015258789,282.117 / 60.9,,
"611",611,282.114270752573 / 167.686279296875,282.114 / 167.7,282.114 / 167.7,
"612",612,282.113960758703 / 240.299987792969,282.114 / 240.3,,
"613",613,282.277006311286 / 1903.02331542969,282.277 / 1903,,
"614",614,283.102440972467 / 110.399993896484,283.102 / 110.4,,
"615",615,283.113038413442 / 662.253479003906,283.113 / 662.3,,
"616",616,283.12670424715 / 685.5,283.127 / 685.5,,
"617",617,283.121642529556 / 60.6000022888184,283.122 / 60.6,,
"618",618,283.159549144419 / 114.899993896484,283.16 / 114.9,,
"619",619,283.280762471243 / 1903.19995117188,283.281 / 1903.2,,
"620",620,284.060380252978 / 272.700012207031,284.06 / 272.7,,
"621",621,284.10454795312 / 110.100006103516,284.105 / 110.1,284.105 / 110.1,
"622",622,284.18414373548 / 497.099975585938,284.184 / 497.1,,
"623",623,284.183994291572 / 774,284.184 / 774,,
"624",624,284.231108878415 / 210,284.231 / 210,284.231 / 210,
"625",625,285.081805439636 / 93.2999954223633,285.082 / 93.3,,
"626",626,285.131773567256 / 816,285.132 / 816,,
"627",627,285.132230081675 / 907.500030517578,285.132 / 907.5,285.132 / 907.5,[M+H]+
"628",628,285.179524817629 / 980.400024414062,285.18 / 980.4,,
"629",629,285.255287849844 / 1241.69995117188,285.255 / 1241.7,,
"630",630,286.101856352292 / 133.800003051758,286.102 / 133.8,286.102 / 133.8,[M+H]+
"631",631,286.126637570047 / 91.1999969482422,286.127 / 91.2,286.127 / 91.2,[M+H]+
"632",632,286.199552919459 / 871.200012207031,286.2 / 871.2,286.2 / 871.2,[M+H]+
"633",633,287.104354244833 / 133.800003051758,287.104 / 133.8,287.104 / 133.8,
"634",634,287.099280888625 / 504.600006103516,287.099 / 504.6,287.099 / 504.6,[M+H-O]+
"635",635,287.099228998894 / 513.149963378906,287.099 / 513.1,,
"636",636,287.130049665205 / 91.1999969482422,287.13 / 91.2,287.13 / 91.2,
"637",637,287.20245056647 / 871.200012207031,287.202 / 871.2,287.202 / 871.2,
"638",638,287.199056323256 / 1028.85266113281,287.199 / 1028.9,,
"639",639,288.117787068064 / 71.8135719299316,288.118 / 71.8,,
"640",640,288.124173862924 / 143.100006103516,288.124 / 143.1,,
"641",641,288.142166174938 / 104.400001525879,288.142 / 104.4,,
"642",642,288.148692588123 / 635.099975585938,288.149 / 635.1,,
"643",643,288.21511254735 / 999.299987792969,288.215 / 999.3,,
"644",644,288.21516711402 / 911.700012207031,288.215 / 911.7,,
"645",645,288.215040186513 / 917.399963378906,288.215 / 917.4,288.215 / 917.4,[M+H-COCH2]+
"646",646,289.137632308236 / 567.600036621094,289.138 / 567.6,,
"647",647,290.133439391957 / 102.644969940186,290.133 / 102.6,290.133 / 102.6,[M+H]+
"648",648,290.157591457481 / 152.099990844727,290.158 / 152.1,290.158 / 152.1,[M+H]+
"649",649,290.157609876075 / 180.000015258789,290.158 / 180,,
"650",650,291.161294205069 / 152.099990844727,291.161 / 152.1,291.161 / 152.1,
"651",651,291.161412396019 / 180.299987792969,291.161 / 180.3,,
"652",652,292.155977668382 / 627,292.156 / 627,,
"653",653,292.155834997127 / 605.700042724609,292.156 / 605.7,,
"654",654,293.136526962253 / 839.400024414062,293.137 / 839.4,,
"655",655,295.083780278422 / 143.100006103516,295.084 / 143.1,,
"656",656,295.127710259011 / 473.699981689453,295.128 / 473.7,,
"657",657,296.147829256013 / 339,296.148 / 339,296.148 / 339,[M+H]+
"658",658,296.147906868398 / 417.899993896484,296.148 / 417.9,,
"659",659,296.211664299175 / 596.707061767578,296.212 / 596.7,,
"660",660,296.71324 / 596.700012207031,296.713 / 596.7,,
"661",661,297.10585110261 / 115.5,297.106 / 115.5,,
"662",662,297.151151971929 / 339.015350341797,297.151 / 339,297.151 / 339,
"663",663,297.142460301646 / 690,297.142 / 690,,
"664",664,297.237318266823 / 1815.30004882812,297.237 / 1815.3,,
"665",665,298.094718154606 / 314.699981689453,298.095 / 314.7,,
"666",666,298.112479938373 / 98.6999969482422,298.112 / 98.7,298.112 / 98.7,[M+H]+
"667",667,298.112394050313 / 116.099998474121,298.112 / 116.1,,
"668",668,298.162930610516 / 549.754760742188,298.163 / 549.8,,
"669",669,299.11548138878 / 98.6999969482422,299.115 / 98.7,299.115 / 98.7,
"670",670,299.126916344108 / 894.599975585938,299.127 / 894.6,,
"671",671,299.20476522166 / 668.399963378906,299.205 / 668.4,,
"672",672,299.234380564835 / 1215,299.234 / 1215,,
"673",673,300.055637673546 / 91.5,300.056 / 91.5,,
"674",674,300.106305849354 / 77.0999984741211,300.106 / 77.1,,
"675",675,300.153927547592 / 69,300.154 / 69,,
"676",676,300.159350719712 / 960.588134765625,300.159 / 960.6,,
"677",677,300.178719800584 / 567.900024414062,300.179 / 567.9,,
"678",678,300.198109078129 / 1254.60003662109,300.198 / 1254.6,,
"679",679,300.215779825208 / 954.900024414062,300.216 / 954.9,300.216 / 954.9,[M+H]+
"680",680,300.215782581042 / 1001.40002441406,300.216 / 1001.4,,
"681",681,301.13948100265 / 1714.79992675781,301.139 / 1714.8,,
"682",682,301.13780224373 / 456.599975585938,301.138 / 456.6,,
"683",683,301.139010571971 / 102.900001525879,301.139 / 102.9,,
"684",684,301.217947220863 / 954.900024414062,301.218 / 954.9,301.218 / 954.9,
"685",685,302.140955517926 / 767.700012207031,302.141 / 767.7,,
"686",686,302.143884304831 / 60.0000019073486,302.144 / 60,,
"687",687,302.158373052916 / 207.600006103516,302.158 / 207.6,,
"688",688,302.194053068145 / 776.100036621094,302.194 / 776.1,,
"689",689,302.193810940928 / 633.618133544922,302.194 / 633.6,,
"690",690,302.230453157986 / 1041.9091796875,302.23 / 1041.9,,
"691",691,302.230507123842 / 1060.80004882812,302.231 / 1060.8,,
"692",692,302.383459732163 / 1042.3056640625,302.383 / 1042.3,,
"693",693,303.070051276992 / 128.100006103516,303.07 / 128.1,,
"694",694,303.072473046888 / 504.600006103516,303.072 / 504.6,303.072 / 504.6,[M+H]+
"695",695,303.07222630551 / 512.700012207031,303.072 / 512.7,,
"696",696,303.099440394054 / 570.299987792969,303.099 / 570.3,,
"697",697,303.160900387543 / 207.899993896484,303.161 / 207.9,,
"698",698,303.193691131834 / 915.299987792969,303.194 / 915.3,,
"699",699,303.234595680497 / 1042.16400146484,303.235 / 1042.2,,
"700",700,304.1277219037 / 600.155456542969,304.128 / 600.2,,
"701",701,304.149041926 / 279.300018310547,304.149 / 279.3,,
"702",702,304.155698845414 / 813.599975585938,304.156 / 813.6,304.156 / 813.6,[M+H-C4H6]+
"703",703,304.173583269564 / 354.299987792969,304.174 / 354.3,304.174 / 354.3,[M+H]+
"704",704,304.172281110861 / 172.800003051758,304.172 / 172.8,,
"705",705,304.173085238151 / 404.399993896484,304.173 / 404.4,,
"706",706,304.209967852293 / 744,304.21 / 744,304.21 / 744,[M+H]+
"707",707,304.299374337713 / 1536,304.299 / 1536,,
"708",708,305.085349590846 / 205.800003051758,305.085 / 205.8,,
"709",709,305.131209134385 / 600.005554199219,305.131 / 600,,
"710",710,305.176991554854 / 354.299987792969,305.177 / 354.3,305.177 / 354.3,
"711",711,305.213863074533 / 744,305.214 / 744,305.214 / 744,
"712",712,306.171881421313 / 863.700012207031,306.172 / 863.7,,
"713",713,307.109497787702 / 707.700012207031,307.109 / 707.7,307.109 / 707.7,[M+H]+
"714",714,307.200741425902 / 1044.11383056641,307.201 / 1044.1,,
"715",715,308.1122126039 / 707.700012207031,308.112 / 707.7,308.112 / 707.7,
"716",716,308.183439046224 / 940.799987792969,308.183 / 940.8,,
"717",717,310.084669358368 / 554.099975585938,310.085 / 554.1,,
"718",718,310.162673233188 / 572.710021972656,310.163 / 572.7,,
"719",719,310.199526634836 / 992.699981689453,310.2 / 992.7,310.2 / 992.7,[M+H]+
"720",720,310.199393633773 / 944.700012207031,310.199 / 944.7,,
"721",721,310.199340465672 / 948.900024414062,310.199 / 948.9,,
"722",722,311.06755313569 / 486.899993896484,311.068 / 486.9,,
"723",723,311.147534728611 / 838.5,311.148 / 838.5,,
"724",724,311.183733341708 / 1345.5,311.184 / 1345.5,311.184 / 1345.5,[M+H]+
"725",725,311.202435600413 / 992.700012207031,311.202 / 992.7,311.202 / 992.7,
"726",726,312.128618982002 / 189.600006103516,312.129 / 189.6,,
"727",727,312.186986502779 / 1345.5,312.187 / 1345.5,312.187 / 1345.5,
"728",728,312.215054117464 / 1072.20007324219,312.215 / 1072.2,312.215 / 1072.2,[M+H]+
"729",729,312.214867504927 / 1021.20001220703,312.215 / 1021.2,,
"730",730,312.214993595209 / 936.299987792969,312.215 / 936.3,312.215 / 936.3,[M+H]+
"731",731,313.084305966399 / 470.100006103516,313.084 / 470.1,,
"732",732,313.13135656514 / 189.600006103516,313.131 / 189.6,,
"733",733,313.218942685929 / 1072.20007324219,313.219 / 1072.2,313.219 / 1072.2,
"734",734,313.218775990795 / 936.299987792969,313.219 / 936.3,313.219 / 936.3,
"735",735,313.666571552701 / 560.399963378906,313.667 / 560.4,,
"736",736,313.665502080544 / 565.799987792969,313.666 / 565.8,,
"737",737,314.231242676804 / 1101.90002441406,314.231 / 1101.9,314.231 / 1101.9,[M+H]+
"738",738,314.231383185807 / 1088.40002441406,314.231 / 1088.4,,
"739",739,314.231162747782 / 1059.29992675781,314.231 / 1059.3,,
"740",740,315.23470622163 / 1101.90002441406,315.235 / 1101.9,315.235 / 1101.9,
"741",741,316.173585451989 / 536.099975585938,316.174 / 536.1,316.174 / 536.1,[M+H]+
"742",742,316.173219198015 / 477.899993896484,316.173 / 477.9,,
"743",743,316.192670361727 / 930.299987792969,316.193 / 930.3,,
"744",744,316.209554111643 / 718.799926757812,316.21 / 718.8,,
"745",745,316.246312626405 / 1206,316.246 / 1206,,
"746",746,316.246104503561 / 1161.60009765625,316.246 / 1161.6,,
"747",747,317.128540897448 / 461.700012207031,317.129 / 461.7,317.129 / 461.7,[M+H]+
"748",748,317.176445155634 / 536.100006103516,317.176 / 536.1,317.176 / 536.1,
"749",749,317.630537857915 / 461.700012207031,317.631 / 461.7,317.631 / 461.7,
"750",750,318.127315311113 / 461.700012207031,318.127 / 461.7,318.127 / 461.7,
"751",751,318.160088606825 / 621.599975585938,318.16 / 621.6,,
"752",752,318.17121323733 / 493.491516113281,318.171 / 493.5,,
"753",753,318.190091184059 / 586.200012207031,318.19 / 586.2,318.19 / 586.2,[M+H]+
"754",754,318.208438053396 / 982.200012207031,318.208 / 982.2,,
"755",755,319.163968624578 / 667.200012207031,319.164 / 667.2,319.164 / 667.2,[M+H]+
"756",756,319.193463866718 / 586.200012207031,319.193 / 586.2,319.193 / 586.2,
"757",757,319.184194583317 / 145.737274169922,319.184 / 145.7,,
"758",758,320.139058395664 / 618.007995605469,320.139 / 618,320.139 / 618,[M+H]+
"759",759,320.167131602124 / 667.200012207031,320.167 / 667.2,320.167 / 667.2,
"760",760,321.079872951093 / 85.5,321.08 / 85.5,,
"761",761,321.142749196837 / 618,321.143 / 618,321.143 / 618,
"762",762,322.075304530339 / 70.5,322.075 / 70.5,,
"763",763,323.116025146394 / 235.199996948242,323.116 / 235.2,,
"764",764,324.121756010568 / 828.900024414062,324.122 / 828.9,324.122 / 828.9,[M+H-O]+
"765",765,326.036729382821 / 394.499984741211,326.037 / 394.5,,
"766",766,326.086403090655 / 78.5999984741211,326.086 / 78.6,,
"767",767,326.08678673221 / 300.299987792969,326.087 / 300.3,,
"768",768,326.086402931209 / 258.299987792969,326.086 / 258.3,,
"769",769,326.08561910165 / 468.600006103516,326.086 / 468.6,,
"770",770,326.144514821415 / 126.300003051758,326.145 / 126.3,,
"771",771,326.194774772967 / 1021.74432373047,326.195 / 1021.7,,
"772",772,326.230855256519 / 856.799987792969,326.231 / 856.8,326.231 / 856.8,[M+H]+
"773",773,327.14662738676 / 126.300003051758,327.147 / 126.3,,
"774",774,327.15356961659 / 265.500030517578,327.154 / 265.5,,
"775",775,327.197261720733 / 1021.79754638672,327.197 / 1021.8,327.197 / 1021.8,
"776",776,327.234019577081 / 856.799987792969,327.234 / 856.8,327.234 / 856.8,
"777",777,328.101611150804 / 592.5,328.102 / 592.5,,
"778",778,328.101855535499 / 445.500030517578,328.102 / 445.5,,
"779",779,328.210860925848 / 825.300048828125,328.211 / 825.3,,
"780",780,328.210569570957 / 686.700012207031,328.211 / 686.7,,
"781",781,328.210379575071 / 883.5,328.21 / 883.5,,
"782",782,328.210753845399 / 575.400024414062,328.211 / 575.4,,
"783",783,328.247136044781 / 1195.50012207031,328.247 / 1195.5,328.247 / 1195.5,[M+H]+
"784",784,329.250448789543 / 1195.57501220703,329.25 / 1195.6,,
"785",785,330.058815768643 / 73.5,330.059 / 73.5,,
"786",786,330.081239821388 / 237.299987792969,330.081 / 237.3,,
"787",787,330.164966012139 / 444,330.165 / 444,,
"788",788,330.189706042995 / 616.538330078125,330.19 / 616.5,,
"789",789,330.189814116534 / 641.700012207031,330.19 / 641.7,,
"790",790,330.225796642049 / 917.399963378906,330.226 / 917.4,330.226 / 917.4,[M+H]+
"791",791,330.225905259173 / 857.699951171875,330.226 / 857.7,330.226 / 857.7,[M+H]+
"792",792,330.225714393041 / 842.099975585938,330.226 / 842.1,,
"793",793,330.225802047195 / 1045.80004882812,330.226 / 1045.8,,
"794",794,330.225401809813 / 962.699951171875,330.225 / 962.7,,
"795",795,331.193216422734 / 617.25,331.193 / 617.2,,
"796",796,331.22573131524 / 969.900085449219,331.226 / 969.9,331.226 / 969.9,[M+H-H2O]+
"797",797,331.229219611637 / 857.683349609375,331.229 / 857.7,331.229 / 857.7,
"798",798,332.138874864059 / 634.800048828125,332.139 / 634.8,,
"799",799,332.188707985223 / 970.5,332.189 / 970.5,,
"800",800,332.205238028148 / 678.900024414062,332.205 / 678.9,332.205 / 678.9,[M+H]+
"801",801,332.241563718359 / 875.100036621094,332.242 / 875.1,,
"802",802,332.241423278279 / 789.899963378906,332.241 / 789.9,,
"803",803,332.24093033744 / 1003.50006103516,332.241 / 1003.5,,
"804",804,333.142550104167 / 634.800048828125,333.143 / 634.8,,
"805",805,333.165300130379 / 1345.5,333.165 / 1345.5,333.165 / 1345.5,[M+Na]+
"806",806,333.209244249433 / 678.900024414062,333.209 / 678.9,333.209 / 678.9,
"807",807,334.118947690969 / 820.800048828125,334.119 / 820.8,,
"808",808,334.185104180488 / 231.300003051758,334.185 / 231.3,,
"809",809,336.182418622006 / 489.300018310547,336.182 / 489.3,,
"810",810,337.104503305666 / 1476.90002441406,337.105 / 1476.9,,
"811",811,337.131613193757 / 141.600006103516,337.132 / 141.6,337.132 / 141.6,[M+H]+
"812",812,337.175143581426 / 671.063415527344,337.175 / 671.1,337.175 / 671.1,[M+H]+
"813",813,338.086509868421 / 549,338.087 / 549,,
"814",814,338.134663687307 / 141.388900756836,338.135 / 141.4,,
"815",815,338.143466750954 / 446.100006103516,338.143 / 446.1,,
"816",816,338.177494594518 / 671.100006103516,338.177 / 671.1,338.177 / 671.1,
"817",817,338.231362797181 / 1093.50006103516,338.231 / 1093.5,,
"818",818,338.339709976864 / 2082.89990234375,338.34 / 2082.9,,
"819",819,338.434439651445 / 603.299987792969,338.434 / 603.3,,
"820",820,338.434052313223 / 607.209411621094,338.434 / 607.2,,
"821",821,338.684679983085 / 603.299957275391,338.685 / 603.3,,
"822",822,338.684789908754 / 607.301055908203,338.685 / 607.3,338.685 / 607.3,
"823",823,338.935622089134 / 605.974578857422,338.936 / 606,,
"824",824,339.124604811221 / 461.699981689453,339.125 / 461.7,339.125 / 461.7,[M+Na]+
"825",825,339.625459011894 / 461.699981689453,339.625 / 461.7,339.625 / 461.7,
"826",826,340.101407357798 / 627.299987792969,340.101 / 627.3,,
"827",827,340.101699947856 / 128.400009155273,340.102 / 128.4,,
"828",828,340.131314847784 / 810.600036621094,340.131 / 810.6,,
"829",829,340.131438507009 / 906,340.131 / 906,,
"830",830,340.131355998437 / 961.499938964844,340.131 / 961.5,,
"831",831,340.152722198302 / 828.900024414062,340.153 / 828.9,340.153 / 828.9,[M+H]+
"832",832,340.174762735026 / 591.190307617188,340.175 / 591.2,,
"833",833,340.316292751173 / 828.900024414062,340.316 / 828.9,340.316 / 828.9,
"834",834,341.156207051406 / 828.900024414062,341.156 / 828.9,341.156 / 828.9,
"835",835,341.16961687688 / 612.642181396484,341.17 / 612.6,,
"836",836,342.159320486793 / 828.900024414062,342.159 / 828.9,342.159 / 828.9,
"837",837,342.205918770474 / 1083.30004882812,342.206 / 1083.3,342.206 / 1083.3,[M+H]+
"838",838,342.226547549094 / 794.399963378906,342.227 / 794.4,342.227 / 794.4,[M+H]+
"839",839,343.11287632209 / 258.599990844727,343.113 / 258.6,,
"840",840,343.153473316222 / 1659.43591308594,343.153 / 1659.4,,
"841",841,343.153433070654 / 1672.20007324219,343.153 / 1672.2,,
"842",842,343.208922671546 / 1083.29992675781,343.209 / 1083.3,343.209 / 1083.3,
"843",843,343.22154040638 / 840.299987792969,343.222 / 840.3,,
"844",844,343.230200584381 / 794.400024414062,343.23 / 794.4,343.23 / 794.4,
"845",845,344.206092260278 / 745.200012207031,344.206 / 745.2,344.206 / 745.2,[M+H]+
"846",846,344.242262536281 / 803.399963378906,344.242 / 803.4,,
"847",847,345.128927726638 / 97.8218307495117,345.129 / 97.8,,
"848",848,345.208643520851 / 745.200012207031,345.209 / 745.2,345.209 / 745.2,
"849",849,345.245363662791 / 803.100036621094,345.245 / 803.1,,
"850",850,346.119543109403 / 837.600036621094,346.12 / 837.6,,
"851",851,346.121876247365 / 720,346.122 / 720,,
"852",852,346.221480909325 / 795.600036621094,346.221 / 795.6,,
"853",853,346.258549114882 / 1073.40002441406,346.259 / 1073.4,,
"854",854,347.123474417928 / 625.799987792969,347.123 / 625.8,,
"855",855,347.166471303011 / 837.299987792969,347.166 / 837.3,,
"856",856,347.221172694654 / 983.999938964844,347.221 / 984,,
"857",857,347.221103101665 / 946.500061035156,347.221 / 946.5,,
"858",858,347.224501518027 / 795.900024414062,347.225 / 795.9,,
"859",859,348.134393481877 / 612.882934570312,348.134 / 612.9,,
"860",860,349.235804854669 / 905.399963378906,349.236 / 905.4,,
"861",861,349.235612609533 / 969.899993896484,349.236 / 969.9,349.236 / 969.9,[M+H]+
"862",862,350.162847187129 / 570.899963378906,350.163 / 570.9,350.163 / 570.9,[2M+H]+
"863",863,352.198251989446 / 538.170471191406,352.198 / 538.2,,
"864",864,352.53273352381 / 537.990600585938,352.533 / 538,,
"865",865,354.070635754645 / 883.5,354.071 / 883.5,,
"866",866,354.110802148415 / 949.649993896484,354.111 / 949.6,,
"867",867,354.154580115643 / 506.399993896484,354.155 / 506.4,,
"868",868,355.112592920354 / 637.200012207031,355.113 / 637.2,,
"869",869,356.242935989257 / 1093.20007324219,356.243 / 1093.2,,
"870",870,356.242654854932 / 1037.40002441406,356.243 / 1037.4,,
"871",871,356.24297312005 / 921.299987792969,356.243 / 921.3,,
"872",872,357.103930907729 / 162.599990844727,357.104 / 162.6,,
"873",873,358.17841442894 / 154.199996948242,358.178 / 154.2,,
"874",874,358.221405463381 / 813.599975585938,358.221 / 813.6,358.221 / 813.6,[M+H]+
"875",875,358.222152014519 / 833.100036621094,358.222 / 833.1,,
"876",876,358.258258990779 / 1111.80004882812,358.258 / 1111.8,358.258 / 1111.8,[M+H]+
"877",877,358.258178541248 / 1134.90002441406,358.258 / 1134.9,,
"878",878,359.122778741065 / 450.299987792969,359.123 / 450.3,359.123 / 450.3,
"879",879,359.261179236099 / 1111.80004882812,359.261 / 1111.8,359.261 / 1111.8,
"880",880,360.10014325702 / 675.299987792969,360.1 / 675.3,,
"881",881,360.20080065666 / 586.200012207031,360.201 / 586.2,,
"882",882,362.150363925883 / 621.599975585938,362.15 / 621.6,,
"883",883,362.253287428947 / 865.799987792969,362.253 / 865.8,,
"884",884,362.318335160812 / 621.486206054688,362.318 / 621.5,362.318 / 621.5,
"885",885,362.508753432144 / 621.599975585938,362.509 / 621.6,,
"886",886,363.154387577657 / 621.403930664062,363.154 / 621.4,,
"887",887,363.201087413825 / 647.699951171875,363.201 / 647.7,363.201 / 647.7,[M+H]+
"888",888,363.20038855039 / 654.929840087891,363.2 / 654.9,,
"889",889,363.45191648919 / 647.699951171875,363.452 / 647.7,363.452 / 647.7,
"890",890,363.451996719362 / 655.050018310547,363.452 / 655.1,,
"891",891,364.155826163529 / 621.599975585938,364.156 / 621.6,,
"892",892,365.135310809346 / 1659,365.135 / 1659,,
"893",893,365.126999249735 / 630.000061035156,365.127 / 630,,
"894",894,365.135731584025 / 1672.5,365.136 / 1672.5,,
"895",895,365.173451333648 / 71.6999969482422,365.173 / 71.7,,
"896",896,365.192259627903 / 907.5,365.192 / 907.5,,
"897",897,365.232064550108 / 983.700073242188,365.232 / 983.7,,
"898",898,365.231886037471 / 946.799987792969,365.232 / 946.8,,
"899",899,366.138853409886 / 1659,366.139 / 1659,,
"900",900,366.13859315848 / 1672.33154296875,366.139 / 1672.3,,
"901",901,366.12951183298 / 388.5,366.13 / 388.5,,
"902",902,367.150005114498 / 124.199996948242,367.15 / 124.2,,
"903",903,368.153057057294 / 123.900009155273,368.153 / 123.9,,
"904",904,369.129034742563 / 674.100006103516,369.129 / 674.1,369.129 / 674.1,
"905",905,369.237548278236 / 725.400024414062,369.238 / 725.4,,
"906",906,372.185285154719 / 590.399963378906,372.185 / 590.4,,
"907",907,374.252592196353 / 971.693115234375,374.253 / 971.7,,
"908",908,374.252339935065 / 882.899963378906,374.252 / 882.9,,
"909",909,375.259236617816 / 827.400024414062,375.259 / 827.4,,
"910",910,377.145419398422 / 612.599975585938,377.145 / 612.6,,
"911",911,378.145811819042 / 689.699951171875,378.146 / 689.7,,
"912",912,378.135477341615 / 560.692504882812,378.135 / 560.7,378.135 / 560.7,
"913",913,379.14258248617 / 560.700012207031,379.143 / 560.7,379.143 / 560.7,[M+H]+
"914",914,380.144706359337 / 536.100036621094,380.145 / 536.1,,
"915",915,381.128853041731 / 633.599975585938,381.129 / 633.6,381.129 / 633.6,[M+H]+
"916",916,381.147655560507 / 536.100018310547,381.148 / 536.1,,
"917",917,382.13253992772 / 633.599975585938,382.133 / 633.6,382.133 / 633.6,
"918",918,384.114960453297 / 195.899993896484,384.115 / 195.9,,
"919",919,384.15696122907 / 564.900012207031,384.157 / 564.9,,
"920",920,384.15812177574 / 510.600006103516,384.158 / 510.6,384.158 / 510.6,[M+H]+
"921",921,384.156748913718 / 576.299987792969,384.157 / 576.3,,
"922",922,384.658537465817 / 564.899963378906,384.659 / 564.9,,
"923",923,385.11812606414 / 195.899993896484,385.118 / 195.9,,
"924",924,385.161734327807 / 510.462905883789,385.162 / 510.5,,
"925",925,385.158451982097 / 564.599975585938,385.158 / 564.6,,
"926",926,386.158022295236 / 510.599990844727,386.158 / 510.6,386.158 / 510.6,
"927",927,388.133525740051 / 98.0999984741211,388.134 / 98.1,,
"928",928,391.225586344532 / 505.500045776367,391.226 / 505.5,,
"929",929,391.283498830057 / 31.7999992370605,391.283 / 31.8,,
"930",930,391.559221015301 / 505.499984741211,391.559 / 505.5,,
"931",931,396.1614976504 / 110.100006103516,396.161 / 110.1,,
"932",932,396.210273037792 / 131.699996948242,396.21 / 131.7,396.21 / 131.7,
"933",933,397.124607548852 / 505.199981689453,397.125 / 505.2,,
"934",934,402.169023345015 / 153.027450561523,402.169 / 153,,
"935",935,403.232530614541 / 1806,403.233 / 1806,403.233 / 1806,[M+H]+
"936",936,403.884819017529 / 579.599975585938,403.885 / 579.6,403.885 / 579.6,
"937",937,404.218620725545 / 579.600018310547,404.219 / 579.6,404.219 / 579.6,
"938",938,404.552998953037 / 579.599975585938,404.553 / 579.6,404.553 / 579.6,[M+H]+
"939",939,409.186037725767 / 280.800018310547,409.186 / 280.8,409.186 / 280.8,
"940",940,410.154776480602 / 163.200012207031,410.155 / 163.2,,
"941",941,412.195992526653 / 467.700012207031,412.196 / 467.7,,
"942",942,413.124112245841 / 114,413.124 / 114,,
"943",943,413.141246626827 / 520.358856201172,413.141 / 520.4,,
"944",944,413.134186416077 / 903.899963378906,413.134 / 903.9,,
"945",945,414.053989656189 / 483.900009155273,414.054 / 483.9,,
"946",946,414.053781093127 / 445.799987792969,414.054 / 445.8,,
"947",947,414.053888536484 / 347.100006103516,414.054 / 347.1,,
"948",948,414.14335092235 / 520.200012207031,414.143 / 520.2,,
"949",949,417.888637583616 / 560.100006103516,417.889 / 560.1,,
"950",950,417.887390565086 / 565.649993896484,417.887 / 565.6,,
"951",951,425.213998101164 / 1806,425.214 / 1806,425.214 / 1806,[M+Na]+
"952",952,426.212294094132 / 382.5,426.212 / 382.5,,
"953",953,427.157109631186 / 593.403747558594,427.157 / 593.4,,
"954",954,429.132808651769 / 850.499969482422,429.133 / 850.5,429.133 / 850.5,
"955",955,431.144964777748 / 879.599975585938,431.145 / 879.6,,
"956",956,432.14749884058 / 879.449157714844,432.147 / 879.4,432.147 / 879.4,
"957",957,433.235921022033 / 765,433.236 / 765,,
"958",958,438.151071991528 / 597.742431640625,438.151 / 597.7,,
"959",959,438.234276252756 / 673.500061035156,438.234 / 673.5,,
"960",960,439.164440140659 / 920.700012207031,439.164 / 920.7,439.164 / 920.7,[M+H]+
"961",961,439.163861845989 / 1039.19995117188,439.164 / 1039.2,,
"962",962,439.153832796209 / 597.744140625,439.154 / 597.7,,
"963",963,441.16164291588 / 920.699951171875,441.162 / 920.7,441.162 / 920.7,
"964",964,447.139881233947 / 728.157440185547,447.14 / 728.2,,
"965",965,448.304344177954 / 1240.20007324219,448.304 / 1240.2,,
"966",966,450.910455979655 / 603.150024414062,450.91 / 603.2,450.91 / 603.2,
"967",967,450.91144128196 / 607.200012207031,450.911 / 607.2,,
"968",968,451.244395326135 / 607.38330078125,451.244 / 607.4,,
"969",969,451.244587083253 / 603.150024414062,451.245 / 603.2,451.245 / 603.2,
"970",970,456.063754641701 / 631.799987792969,456.064 / 631.8,,
"971",971,457.066678501146 / 631.949981689453,457.067 / 631.9,457.067 / 631.9,
"972",972,468.004786786605 / 685.199951171875,468.005 / 685.2,468.005 / 685.2,
"973",973,468.255270045249 / 685.288330078125,468.255 / 685.3,,
"974",974,475.246553016591 / 968.400024414062,475.247 / 968.4,,
"975",975,476.148468766351 / 672,476.148 / 672,,
"976",976,482.168095584254 / 759.299926757812,482.168 / 759.3,,
"977",977,508.260267788814 / 141.900009155273,508.26 / 141.9,,
"978",978,518.238207704775 / 1006.19995117188,518.238 / 1006.2,,
"979",979,544.217303455762 / 825.900024414062,544.217 / 825.9,,
"980",980,546.232856650885 / 739.5,546.233 / 739.5,,
"981",981,546.232515530547 / 797.399963378906,546.233 / 797.4,,
"982",982,648.269593475312 / 510.599975585938,648.27 / 510.6,,
