"",annot_camera.index,annot_camera.name,annot_camera.isotopes,annot_camera.adduct,annot_camera.mz,annot_camera.rt
"1",1,81.5179849604359 / 39.9000015258789,"","",81.5179849604359,39.9000015258789
"2",2,82.0191760858652 / 39.9000015258789,"","",82.0191760858652,39.9000015258789
"3",3,83.0576473574949 / 30.8999996185303,"","",83.0576473574949,30.8999996185303
"4",4,83.0576492187378 / 25.5,"","",83.0576492187378,25.5
"5",5,91.0219167335147 / 39.6279373168945,"","",91.0219167335147,39.6279373168945
"6",6,94.0429886347041 / 39.5999984741211,"","",94.0429886347041,39.5999984741211
"7",7,94.5444244486798 / 39.5999984741211,"","",94.5444244486798,39.5999984741211
"8",8,95.0423117613075 / 39.5999984741211,"","",95.0423117613075,39.5999984741211
"9",9,100.074392965554 / 127.199996948242,"","",100.074392965554,127.199996948242
"10",10,102.032572747331 / 39.5999984741211,[1][M]2+,"",102.032572747331,39.5999984741211
"11",11,102.533098879328 / 39.5999984741211,[1][M+1]2+,"",102.533098879328,39.5999984741211
"12",12,103.546527920434 / 39.2999992370605,"","",103.546527920434,39.2999992370606
"13",13,104.105360970295 / 46.5,"","",104.105360970295,46.5
"14",14,105.03217356251 / 450.562622070312,"","",105.03217356251,450.562622070313
"15",15,105.040591939202 / 43.7244701385498,"","",105.040591939202,43.7244701385498
"16",16,110.008023984773 / 39.9000015258789,"",[M+H-COCH2]+ 151.024,110.008023984773,39.9000015258789
"17",17,110.017890203856 / 1.79999995231628,"","",110.017890203856,1.79999995231628
"18",18,110.017890609979 / 27.8999996185303,"","",110.017890609979,27.8999996185303
"19",19,111.53505725799 / 39.2999992370605,"","",111.53505725799,39.2999992370606
"20",20,114.06495368033 / 48.5999984741211,"","",114.06495368033,48.5999984741211
"21",21,115.067766555075 / 48.2999992370605,"","",115.067766555076,48.2999992370606
"22",22,116.105855852907 / 51.247766494751,"","",116.105855852907,51.247766494751
"23",23,118.084702814779 / 49.2000007629395,"","",118.084702814779,49.2000007629395
"24",24,120.065011576347 / 52.7999992370605,"","",120.065011576347,52.7999992370606
"25",25,120.07918247977 / 131.699996948242,"",[M+H]+ 119.074 [M+3H]3+ 357.237,120.07918247977,131.699996948242
"26",26,121.029162900568 / 191.699996948242,"","",121.029162900568,191.699996948242
"27",27,121.028463516518 / 249,"","",121.028463516518,249
"28",28,121.070554826897 / 52.7999992370605,"","",121.070554826897,52.7999992370606
"29",29,121.070522229512 / 78.3000030517578,"","",121.070522229512,78.3000030517578
"30",30,121.070691718454 / 105.599998474121,"","",121.070691718454,105.599998474121
"31",31,121.071007286355 / 58.7999992370605,"",[M+2H-CO]2+ 268.125 [M+2H-C2H4]2+ 268.125,121.071007286355,58.7999992370606
"32",32,121.063187046906 / 1011.29998779297,"","",121.063187046906,1011.29998779297
"33",33,121.070631599901 / 96.6000061035156,"","",121.070631599901,96.6000061035156
"34",34,121.070668525859 / 139.5,"","",121.070668525859,139.5
"35",35,121.070718463847 / 201.899993896484,"","",121.070718463847,201.899993896484
"36",36,121.063162518084 / 988.350006103516,"","",121.063162518084,988.350006103516
"37",37,121.070714944662 / 112.5,"",[M+K]+ 82.1076 [M+Na]+ 98.0815 [M+H]+ 120.063,121.070714944662,112.5
"38",38,121.070759230425 / 116.399997711182,"",[M+K]+ 82.1076 [M+Na]+ 98.0815 [M+H]+ 120.063,121.070759230425,116.399997711182
"39",39,121.070721601164 / 127.200012207031,"","",121.070721601164,127.200012207031
"40",40,122.545478988868 / 39,"","",122.545478988868,39
"41",41,123.043374766355 / 39,"",[M+Na]+ 100.058,123.043374766355,39
"42",42,125.985197696051 / 39.9000015258789,"","",125.985197696051,39.9000015258789
"43",43,126.090427057418 / 210,"","",126.090427057418,210
"44",44,130.048188380852 / 67.2000045776367,"","",130.048188380852,67.2000045776367
"45",45,130.048242831943 / 509.399993896484,"",[M+K]+ 91.093,130.048242831943,509.399993896484
"46",46,130.064239986024 / 920.700012207031,"","",130.064239986024,920.700012207031
"47",47,130.107801050616 / 49.7999992370605,"","",130.107801050616,49.7999992370606
"48",48,131.047915070976 / 776.099975585938,"","",131.047915070976,776.099975585938
"49",49,132.043497154123 / 258.600006103516,"",[M+H-H20]+ 149.052,132.043497154123,258.600006103516
"50",50,132.10044364407 / 84,"","",132.10044364407,84
"51",51,136.046639783945 / 48.2999992370605,"","",136.046639783945,48.2999992370606
"52",52,137.044290529425 / 62.8223495483398,"","",137.044290529425,62.8223495483399
"53",53,137.069476937039 / 46.2000007629395,"","",137.069476937039,46.2000007629395
"54",54,138.054013111344 / 50.7000007629395,"","",138.054013111344,50.7000007629395
"55",55,139.048861070664 / 57.2999992370605,"","",139.048861070664,57.2999992370606
"56",56,140.141720609831 / 2018.40002441406,"","",140.141720609831,2018.40002441406
"57",57,140.141577618097 / 2065.04992675781,"","",140.141577618097,2065.04992675781
"58",58,140.141527298946 / 1977.90002441406,"","",140.141527298946,1977.90002441406
"59",59,141.139362086489 / 2018.09997558594,"","",141.139362086489,2018.09997558594
"60",60,141.139048051894 / 2065.19995117188,"","",141.139048051894,2065.19995117187
"61",61,142.085252500669 / 62.0888195037842,"",[M+K]+ 103.125 [M+Na]+ 119.099 [M+H]+ 141.08,142.085252500669,62.0888195037842
"62",62,142.157693475427 / 2010,"","",142.157693475427,2010
"63",63,142.157168378136 / 1969.80004882812,"","",142.157168378136,1969.80004882813
"64",64,142.157214196967 / 2089.19995117188,"","",142.157214196967,2089.19995117187
"65",65,142.157111072337 / 1990.65002441406,"","",142.157111072337,1990.65002441406
"66",66,142.157946532521 / 1895.69995117188,"","",142.157946532521,1895.69995117188
"67",67,143.116073524005 / 54.3295230865479,"","",143.116073524005,54.3295230865479
"68",68,144.100464830391 / 51.6000022888184,[2][M]+,"",144.100464830391,51.6000022888184
"69",69,144.100754544883 / 56.6285247802734,"","",144.100754544883,56.6285247802734
"70",70,144.136733535543 / 896.099975585938,"","",144.136733535543,896.099975585937
"71",71,144.136843623196 / 878.099975585938,"","",144.136843623196,878.099975585938
"72",72,145.104292272914 / 51.387825012207,[2][M+1]+,"",145.104292272914,51.387825012207
"73",73,146.058995839916 / 280.800018310547,"",[M+H-COCH2]+ 187.062,146.058995839916,280.800018310547
"74",74,146.079476817927 / 86.4000015258789,"","",146.079476817927,86.4000015258789
"75",75,147.046259945366 / 89.9999923706055,"","",147.046259945366,89.9999923706055
"76",76,150.053622946807 / 258.600006103516,"",[M+H]+ 149.052,150.053622946807,258.600006103516
"77",77,150.057729646018 / 63.5413055419922,"","",150.057729646018,63.5413055419922
"78",78,151.033812415747 / 39.5999984741211,"",[M+Na]+ 128.046,151.033812415747,39.5999984741211
"79",79,151.05994904907 / 110.100006103516,"",[M+H-C5H8O4]+ 282.12,151.05994904907,110.100006103516
"80",80,151.142838875331 / 48.2999954223633,[3][M]+,[M+H]+ 150.149,151.142838875331,48.2999954223633
"81",81,152.020380634306 / 48,"","",152.020380634306,48
"82",82,152.035954723678 / 39.5999984741211,"",[M+H]+ 151.024 [M+H-H20]+ 169.062,152.035954723678,39.5999984741211
"83",83,152.145396059509 / 48,[3][M+1]+,"",152.145396059509,48
"84",84,153.03191438288 / 39.5999984741211,"","",153.03191438288,39.5999984741211
"85",85,153.064559767679 / 80.4000015258789,"","",153.064559767679,80.4000015258789
"86",86,154.058498074774 / 133.800003051758,"",[M+H-C5H8O4]+ 285.094,154.058498074774,133.800003051758
"87",87,154.057887581756 / 79.5,"","",154.057887581756,79.5
"88",88,158.079478150859 / 264.300018310547,"","",158.079478150859,264.300018310547
"89",89,158.115991876096 / 58.7999992370605,"","",158.115991876096,58.7999992370606
"90",90,158.116050636216 / 66.9086532592773,"","",158.116050636216,66.9086532592774
"91",91,158.962799014778 / 43.7999992370605,"","",158.962799014778,43.7999992370605
"92",92,159.063709606995 / 294.300018310547,"","",159.063709606995,294.300018310547
"93",93,159.14765025414 / 43.5,"","",159.14765025414,43.5
"94",94,159.147934553283 / 72.8999938964844,"","",159.147934553283,72.8999938964844
"95",95,160.095517378016 / 145.800003051758,"",[M+2H]2+ 318.177,160.095517378016,145.800003051758
"96",96,160.095247894169 / 98.7000045776367,"","",160.095247894169,98.7000045776367
"97",97,160.095212271926 / 307.5,"","",160.095212271926,307.5
"98",98,160.10708601067 / 68.4000015258789,"","",160.10708601067,68.4000015258789
"99",99,160.131637992712 / 54.5999984741211,"","",160.131637992712,54.5999984741211
"100",100,161.090928311347 / 198.599990844727,"","",161.090928311347,198.599990844727
"101",101,162.053315798117 / 637.799987792969,"","",162.053315798117,637.799987792969
"102",102,162.053575103525 / 450.000030517578,"","",162.053575103525,450.000030517578
"103",103,162.074643634265 / 67.2629318237305,"","",162.074643634265,67.2629318237305
"104",104,162.111154641249 / 47.7000007629395,"","",162.111154641249,47.7000007629395
"105",105,163.073924924806 / 1659.59997558594,"",[M+2H-H20]2+ 342.147,163.073924924806,1659.59997558594
"106",106,163.07401318733 / 1672.5,"",[M+2H-H20]2+ 342.147,163.07401318733,1672.5
"107",107,164.072780708047 / 90,"","",164.072780708047,90
"108",108,165.053261038207 / 70.5,"",[M+K]+ 126.09 [M+Na]+ 142.064 [M+H]+ 164.046,165.053261038207,70.5
"109",109,166.08470542122 / 131.699996948242,[4][M]+,[M+H+HCOOH]+ 119.074,166.08470542122,131.699996948242
"110",110,166.070998023902 / 62.4000015258789,"",[M+H-CH4]+ 181.12,166.070998023902,62.4000015258789
"111",111,166.071167741223 / 98.7000045776367,"",[M+H-C5H8O4]+ 297.105,166.071167741223,98.7000045776367
"112",112,166.197755541796 / 131.400009155273,"","",166.197755541796,131.400009155273
"113",113,167.011187685135 / 39.5999984741211,"",[M+K]+ 128.046,167.011187685135,39.5999984741211
"114",114,167.055062352095 / 109.799987792969,"","",167.055062352095,109.799987792969
"115",115,167.08743696213 / 131.699996948242,[4][M+1]+,"",167.08743696213,131.699996948242
"116",116,168.593105122053 / 489.900024414062,"","",168.593105122053,489.900024414063
"117",117,169.034539714875 / 60.6000022888184,"","",169.034539714875,60.6000022888184
"118",118,169.059354019262 / 163.800003051758,"","",169.059354019262,163.800003051758
"119",119,169.095011293254 / 489.899993896484,"","",169.095011293254,489.899993896484
"120",120,169.13231698211 / 52.5,"","",169.13231698211,52.5
"121",121,169.592393649318 / 489.900024414062,"","",169.592393649318,489.900024414063
"122",122,170.040145579268 / 39.2999992370605,"","",170.040145579268,39.2999992370606
"123",123,170.058174967844 / 784.200012207031,"","",170.058174967844,784.200012207031
"124",124,170.043581594442 / 155.399993896484,"","",170.043581594442,155.399993896484
"125",125,170.090857276597 / 77.1478538513184,"",[M+H]+ 169.089,170.090857276597,77.1478538513184
"126",126,172.097024039974 / 624.600036621094,"","",172.097024039975,624.600036621094
"127",127,172.163629752271 / 1223.40002441406,"","",172.163629752271,1223.40002441406
"128",128,174.079534514056 / 87,"","",174.079534514056,87
"129",129,174.111058693135 / 670.500061035156,"","",174.111058693135,670.500061035156
"130",130,174.110898361472 / 593.099975585938,"","",174.110898361472,593.099975585938
"131",131,174.110940555289 / 270.600006103516,"","",174.110940555289,270.600006103516
"132",132,174.122110869892 / 77.4065628051758,"","",174.122110869892,77.4065628051758
"133",133,175.077137600468 / 533.400024414062,"",[M+K]+ 136.114 [M+Na]+ 152.088 [M+H]+ 174.07,175.077137600468,533.400024414063
"134",134,175.582466350129 / 570.900024414062,"",[M+2H]2+ 349.154,175.582466350129,570.900024414063
"135",135,176.069288020325 / 674.099975585938,"","",176.069288020325,674.099975585938
"136",136,176.581265069642 / 570.900024414062,"","",176.581265069643,570.900024414063
"137",137,177.052846790899 / 601.118286132812,"","",177.052846790899,601.118286132813
"138",138,177.100079774706 / 66.5999984741211,"","",177.100079774706,66.5999984741211
"139",139,177.110404796515 / 805.200012207031,"","",177.110404796515,805.200012207031
"140",140,178.087752527347 / 154.800003051758,"","",178.087752527347,154.800003051758
"141",141,180.063477321305 / 450.364379882812,[5][M]+,"",180.063477321305,450.364379882813
"142",142,180.085046479155 / 189.300018310547,"",[M+H-C5H8O4]+ 311.121,180.085046479155,189.300018310547
"143",143,180.078689898148 / 766.799987792969,"","",180.078689898148,766.799987792969
"144",144,180.182146157538 / 450.50358581543,"",[M+H]+ 179.169,180.182146157538,450.50358581543
"145",145,180.263388198542 / 450.308502197266,"","",180.263388198542,450.308502197266
"146",146,180.315546902205 / 450.299987792969,"","",180.315546902205,450.299987792969
"147",147,180.469348821146 / 450.300018310547,"","",180.469348821146,450.300018310547
"148",148,181.058890932384 / 298.200012207031,[6][M]+,"",181.058890932384,298.200012207031
"149",149,181.067156870322 / 450.299987792969,[5][M+1]+,"",181.067156870322,450.299987792969
"150",150,181.070115584192 / 166.199996948242,"","",181.070115584192,166.199996948242
"151",151,181.07024900749 / 269.100006103516,"","",181.07024900749,269.100006103516
"152",152,181.083360384615 / 766.799987792969,"",[2M+3H]3+ 270.103,181.083360384615,766.799987792969
"153",153,182.061989996228 / 298.199981689453,[6][M+1]+,"",182.061989996229,298.199981689453
"154",154,182.079243412911 / 70.7999954223633,[7][M]+,[M+K+NH3]+ 126.09 [M+Na+NH3]+ 142.064 [M+H+NH3]+ 164.046,182.079243412911,70.7999954223633
"155",155,182.066240425441 / 82.5226058959961,"","",182.066240425441,82.5226058959961
"156",156,182.079346918741 / 527.700012207031,"","",182.079346918741,527.700012207031
"157",157,182.068933328447 / 450.299987792969,"","",182.068933328447,450.299987792969
"158",158,182.98396807255 / 1.79999995231628,"","",182.98396807255,1.79999995231628
"159",159,182.98420910108 / 26.3999996185303,"",[M+K]+ 144.021 [M+Na]+ 159.995 [M+H]+ 181.977,182.98420910108,26.3999996185303
"160",160,182.984242821645 / 21.6000003814697,"","",182.984242821645,21.6000003814697
"161",161,182.983969265585 / 32.4000015258789,"",[M+K]+ 144.021 [M+Na]+ 159.995 [M+H]+ 181.977,182.983969265585,32.4000015258789
"162",162,183.049764564375 / 92.0999984741211,"","",183.049764564375,92.0999984741211
"163",163,183.079094513341 / 1368.59997558594,"","",183.079094513341,1368.59997558594
"164",164,183.082981705752 / 70.7999954223633,[7][M+1]+,"",183.082981705752,70.7999954223633
"165",165,183.110776986213 / 97.1999969482422,"","",183.110776986213,97.1999969482422
"166",166,184.058697879144 / 86.000789642334,"","",184.058697879144,86.000789642334
"167",167,184.095141300076 / 620.699951171875,"","",184.095141300076,620.699951171875
"168",168,184.615510279845 / 482.099975585938,[8][M]2+,"",184.615510279845,482.099975585938
"169",169,185.126385250712 / 210,[9][M]+,"",185.126385250712,210
"170",170,185.116739372595 / 482.100006103516,[8][M+1]2+,"",185.116739372595,482.100006103516
"171",171,185.115087388583 / 652.499938964844,"",[M+H-H20]+ 202.119,185.115087388583,652.499938964844
"172",172,186.017038820973 / 39.2999992370605,"","",186.017038820973,39.2999992370606
"173",173,186.110720033519 / 642.899963378906,"","",186.110720033519,642.899963378906
"174",174,186.129065892893 / 210,[9][M+1]+,"",186.129065892893,210
"175",175,186.182643751869 / 1305.59997558594,[10][M]+,"",186.182643751869,1305.59997558594
"176",176,187.124071632339 / 1035,"","",187.124071632339,1035
"177",177,187.186308182616 / 1305.59997558594,[10][M+1]+,"",187.186308182616,1305.59997558594
"178",178,188.068967746349 / 280.799987792969,"",[M+H]+ 187.062,188.068967746349,280.799987792969
"179",179,188.100476200848 / 60.9000015258789,"",[M+K+HCOOH]+ 103.125 [M+Na+HCOOH]+ 119.099 [M+H+HCOOH]+ 141.08,188.100476200848,60.9000015258789
"180",180,188.173734573499 / 45.2999992370605,"","",188.173734573499,45.2999992370606
"181",181,189.073726792555 / 332.099975585938,"",[M+H]+ 188.066,189.073726792555,332.099975585938
"182",182,189.071399592787 / 280.799987792969,"","",189.071399592787,280.799987792969
"183",183,189.086621439966 / 60.2999992370605,"",[M+H]+ 188.086,189.086621439966,60.2999992370606
"184",184,189.132986262598 / 48.2999992370605,"",[M+K]+ 150.149,189.132986262598,48.2999992370606
"185",185,189.158294935037 / 44.7000007629395,"","",189.158294935037,44.7000007629395
"186",186,190.047939588552 / 407.700012207031,"","",190.047939588552,407.700012207031
"187",187,190.075985040531 / 68.0999984741211,"","",190.075985040531,68.0999984741211
"188",188,192.060566929581 / 39,"",[M+Na]+ 169.062,192.060566929581,39
"189",189,192.063303689003 / 430.5,"","",192.063303689003,430.5
"190",190,192.063031630125 / 615.299987792969,"","",192.063031630125,615.299987792969
"191",191,192.102984382243 / 533.400024414062,[11][M]+,[M+K+NH3]+ 136.114 [M+Na+NH3]+ 152.088 [M+H+NH3]+ 174.07,192.102984382243,533.400024414063
"192",192,193.094829097937 / 57.2999992370605,"","",193.094829097937,57.2999992370606
"193",193,193.10565873912 / 533.699981689453,[11][M+1]+,"",193.10565873912,533.699981689453
"194",194,193.152843587613 / 49.0426368713379,"","",193.152843587613,49.0426368713379
"195",195,194.078830562283 / 619.5,"","",194.078830562283,619.5
"196",196,194.101527127866 / 126.599998474121,"","",194.101527127866,126.599998474121
"197",197,194.093783019613 / 879.376403808594,"",[M+2H-CO2]2+ 430.142,194.093783019613,879.376403808594
"198",198,195.074273149678 / 196.5,"","",195.074273149678,196.5
"199",199,195.08548676525 / 504.299987792969,"","",195.08548676525,504.299987792969
"200",200,195.131671191928 / 52.5,"","",195.131671191928,52.5
"201",201,196.05901055325 / 192,"","",196.059010553251,192
"202",202,196.058449097357 / 249,[12][M]+,"",196.058449097357,249
"203",203,196.058574821919 / 631.5,"","",196.058574821919,631.5
"204",204,196.058374526364 / 548.100036621094,"","",196.058374526364,548.100036621094
"205",205,197.064562810101 / 236.399993896484,"","",197.064562810101,236.399993896484
"206",206,197.064786504262 / 151.199996948242,"","",197.064786504262,151.199996948242
"207",207,197.078517620579 / 839.100036621094,"","",197.078517620579,839.100036621094
"208",208,197.062078434487 / 249.300003051758,[12][M+1]+,"",197.062078434487,249.300003051758
"209",209,197.126072571338 / 464.100006103516,"","",197.126072571338,464.100006103516
"210",210,198.067246460037 / 236.100006103516,"","",198.067246460037,236.100006103516
"211",211,199.080172876712 / 60.3000030517578,"",[M+H-C4H8]+ 254.136,199.080172876712,60.3000030517578
"212",212,199.094295457557 / 766.799987792969,"","",199.094295457557,766.799987792969
"213",213,199.083368229901 / 106.5,"","",199.083368229901,106.5
"214",214,199.105722451539 / 115.199996948242,"","",199.105722451539,115.199996948242
"215",215,200.053010519555 / 126.89998626709,"","",200.053010519555,126.89998626709
"216",216,200.089822944768 / 102.299995422363,"","",200.089822944768,102.299995422363
"217",217,200.089598909889 / 92.4000015258789,"","",200.089598909889,92.4000015258789
"218",218,201.1095841405 / 692.099975585938,"",[M+H-H20]+ 218.114,201.1095841405,692.099975585938
"219",219,201.585540013592 / 155.849990844727,"","",201.585540013592,155.849990844727
"220",220,202.045381604908 / 451.799987792969,"","",202.045381604908,451.799987792969
"221",221,202.095849098842 / 503.699981689453,"",[M+H-COCH2]+ 243.112,202.095849098842,503.699981689453
"222",222,202.116649014928 / 66,"","",202.116649014928,66
"223",223,202.140262213491 / 990.299987792969,"","",202.140262213491,990.299987792969
"224",224,203.079969241644 / 93.6000061035156,"","",203.079969241644,93.6000061035156
"225",225,203.10796439736 / 843,"",[M+K]+ 164.144 [M+Na]+ 180.118 [M+H]+ 202.1,203.10796439736,843
"226",226,203.125464896741 / 652.5,"",[M+H]+ 202.119,203.125464896741,652.5
"227",227,203.137211876875 / 57.9000015258789,"","",203.137211876875,57.9000015258789
"228",228,204.084843869321 / 99.2999954223633,"","",204.084843869321,99.2999954223633
"229",229,204.083160031932 / 929.700012207031,"","",204.083160031932,929.700012207031
"230",230,204.110303476776 / 643.799987792969,"","",204.110303476776,643.799987792969
"231",231,204.11057836334 / 256.200012207031,[13][M]+,"",204.11057836334,256.200012207031
"232",232,204.110939565427 / 527.099975585938,"","",204.110939565427,527.099975585938
"233",233,204.121439428736 / 62.3272132873535,[14][M]+,[M+Na]+ 181.12,204.121439428736,62.3272132873535
"234",234,205.094511875465 / 280.799987792969,[15][M]+,[M+H+NH3]+ 187.062,205.094511875465,280.799987792969
"235",235,205.124564690344 / 62.1000003814697,[14][M+1]+,"",205.124564690344,62.1000003814697
"236",236,205.115906694621 / 256.200012207031,[13][M+1]+,"",205.115906694621,256.200012207031
"237",237,205.221369315403 / 280.937805175781,"","",205.221369315403,280.937805175781
"238",238,206.043106646604 / 299.100006103516,"","",206.043106646604,299.100006103516
"239",239,206.078516301255 / 776.100006103516,[16][M]+,"",206.078516301255,776.100006103516
"240",240,206.097686711771 / 280.799987792969,[15][M+1]+,"",206.097686711771,280.799987792969
"241",241,206.099976373502 / 331.799987792969,"",[M+H+NH3]+ 188.066,206.099976373502,331.799987792969
"242",242,206.132425253982 / 675,[17][M]2+,"",206.132425253982,675
"243",243,206.633499028306 / 674.757507324219,[17][M+1]2+,"",206.633499028306,674.757507324219
"244",244,207.08241634016 / 776.099975585938,[16][M+1]+,"",207.08241634016,776.099975585938
"245",245,207.101994182676 / 846.600036621094,"","",207.101994182676,846.600036621094
"246",246,208.037460046189 / 39,"",[3M+3K-H]2+ 100.058,208.037460046189,39
"247",247,208.062652499224 / 73.5,"","",208.062652499224,73.5
"248",248,208.094241529699 / 683.162963867188,"","",208.094241529699,683.162963867188
"249",249,209.089357599124 / 127.500015258789,"","",209.089357599124,127.500015258789
"250",250,209.094102972127 / 1034.84460449219,"",[M+K]+ 170.131 [M+Na]+ 186.105 [M+H]+ 208.087,209.094102972127,1034.84460449219
"251",251,209.114437664474 / 1177.80004882812,"",[M+H-COCH2]+ 250.119,209.114437664474,1177.80004882813
"252",252,209.151376649235 / 1387.5,"","",209.151376649235,1387.5
"253",253,209.151452107261 / 1053.00012207031,"","",209.151452107261,1053.00012207031
"254",254,210.058968223104 / 61.5,"",[M+H+NH3]+ 192.025,210.058968223104,61.5
"255",255,210.073217625909 / 601.800048828125,"","",210.073217625909,601.800048828125
"256",256,210.089125147163 / 766.799987792969,"","",210.089125147163,766.799987792969
"257",257,211.070821001656 / 118.800003051758,"","",211.070821001656,118.800003051758
"258",258,211.054832451726 / 331.800018310547,"",[M+Na]+ 188.066,211.054832451726,331.800018310547
"259",259,211.141346015515 / 646.5,"","",211.141346015515,646.5
"260",260,212.100641788923 / 53.0999984741211,"","",212.100641788923,53.0999984741211
"261",261,213.095467906977 / 184.800003051758,"",[M+H-COCH2]+ 254.091,213.095467906977,184.800003051758
"262",262,213.120708362886 / 50.7000007629395,"","",213.120708362886,50.7000007629395
"263",263,214.032729035878 / 135.636291503906,"","",214.032729035878,135.636291503906
"264",264,214.086417636201 / 1.79999995231628,"","",214.086417636201,1.79999995231628
"265",265,214.086343358887 / 30,"","",214.086343358887,30
"266",266,214.093188549014 / 519,"","",214.093188549014,519
"267",267,214.213903900495 / 1575.59997558594,"","",214.213903900495,1575.59997558594
"268",268,215.014113150069 / 64.5991630554199,"",[M+Na]+ 192.025,215.014113150069,64.5991630554199
"269",269,215.136385711203 / 68.1000061035156,"","",215.136385711203,68.1000061035156
"270",270,216.111117438793 / 683.099975585938,"","",216.111117438793,683.099975585938
"271",271,216.110852077341 / 290.586120605469,"",[M+H-COCH2]+ 257.119,216.110852077341,290.586120605469
"272",272,217.095497810658 / 495.600006103516,"","",217.095497810658,495.600006103516
"273",273,217.117203289983 / 765,[18][M]2+,[M+2H]2+ 432.226,217.117203289983,765
"274",274,217.115672674948 / 105.599998474121,"","",217.115672674948,105.599998474121
"275",275,217.115570667603 / 84,"","",217.115570667603,84
"276",276,217.118318959472 / 715.499938964844,"","",217.118318959472,715.499938964844
"277",277,217.145115242783 / 55.2000007629395,"","",217.145115242783,55.2000007629395
"278",278,217.619595306132 / 764.700012207031,[18][M+1]2+,"",217.619595306132,764.700012207031
"279",279,218.112210932297 / 66.1467132568359,"","",218.112210932298,66.1467132568359
"280",280,218.12633824877 / 253.799995422363,[19][M]+,"",218.12633824877,253.799995422363
"281",281,218.130123083662 / 866.400024414062,"","",218.130123083662,866.400024414063
"282",282,218.1213640818 / 105.3151512146,"","",218.1213640818,105.3151512146
"283",283,218.137035457889 / 91.1999969482422,[20][M]+,"",218.137035457889,91.1999969482422
"284",284,218.139503884639 / 152.699996948242,"","",218.139503884639,152.699996948242
"285",285,218.13004664842 / 765.899993896484,"","",218.13004664842,765.899993896484
"286",286,218.153567431794 / 54.9000015258789,"","",218.153567431794,54.9000015258789
"287",287,218.256914236234 / 253.800003051758,"","",218.256914236234,253.800003051758
"288",288,218.405910952947 / 253.800003051758,"","",218.405910952947,253.800003051758
"289",289,219.120660937112 / 692.099975585938,"",[M+H]+ 218.114,219.120660937112,692.099975585938
"290",290,219.129457873617 / 253.799987792969,[19][M+1]+,"",219.129457873617,253.799987792969
"291",291,219.139983210185 / 91.1999969482422,[20][M+1]+,"",219.139983210185,91.1999969482422
"292",292,219.167955426387 / 50.6999969482422,"","",219.167955426387,50.6999969482422
"293",293,220.05862936803 / 593.399963378906,"","",220.05862936803,593.399963378906
"294",294,220.062104046458 / 101.699996948242,"","",220.062104046458,101.699996948242
"295",295,220.115526946361 / 169.800003051758,[21][M]+,"",220.115526946361,169.800003051758
"296",296,220.133236150148 / 843,[22][M]+,[M+K+NH3]+ 164.144 [M+Na+NH3]+ 180.118 [M+H+NH3]+ 202.1,220.133236150148,843
"297",297,220.171565453106 / 50.6904792785645,"","",220.171565453106,50.6904792785645
"298",298,221.089760371239 / 93.75,"","",221.089760371239,93.75
"299",299,221.118609368567 / 169.605476379395,[21][M+1]+,"",221.118609368567,169.605476379395
"300",300,221.136884474943 / 843,[22][M+1]+,"",221.136884474944,843
"301",301,222.077410927949 / 88.7999954223633,"","",222.077410927949,88.7999954223633
"302",302,223.017968679923 / 72.9000015258789,"","",223.017968679923,72.9000015258789
"303",303,223.094407542482 / 1141.80004882812,"",[M+H-H20]+ 240.099,223.094407542482,1141.80004882813
"304",304,223.094201028301 / 602.834777832031,"","",223.094201028301,602.834777832031
"305",305,223.097767231232 / 181.799987792969,"","",223.097767231232,181.799987792969
"306",306,223.130044551742 / 1191.59997558594,"","",223.130044551742,1191.59997558594
"307",307,224.075639055896 / 92.0999946594238,"","",224.075639055896,92.0999946594238
"308",308,224.068930963929 / 123,"","",224.068930963929,123
"309",309,225.108020369489 / 652.5,"","",225.108020369489,652.5
"310",310,225.193891927557 / 1203.97668457031,"","",225.193891927557,1203.97668457031
"311",311,226.068510795171 / 320.400024414062,"","",226.068510795171,320.400024414063
"312",312,227.100209650487 / 157.5,"","",227.100209650487,157.5
"313",313,227.090455638166 / 863.100036621094,"","",227.090455638166,863.100036621094
"314",314,227.122947567188 / 48.9000015258789,"","",227.122947567188,48.9000015258789
"315",315,227.125459758857 / 869.987091064453,"","",227.125459758857,869.987091064453
"316",316,227.160770094287 / 1053.00012207031,"","",227.160770094287,1053.00012207031
"317",317,227.171270506938 / 74.4388275146484,"","",227.171270506938,74.4388275146484
"318",318,228.125383067767 / 48.8999977111816,"","",228.125383067767,48.8999977111816
"319",319,228.111402849629 / 527.100036621094,"",[M+H-H20]+ 245.115,228.111402849629,527.100036621094
"320",320,228.229601545209 / 1630.80004882812,"","",228.229601545209,1630.80004882813
"321",321,229.116171586389 / 52.5,"","",229.116171586389,52.5
"322",322,229.115597958456 / 318.150009155273,"","",229.115597958456,318.150009155273
"323",323,229.14101898171 / 850.5,"",[M+H-H20]+ 246.146,229.14101898171,850.5
"324",324,229.152597385167 / 64.5,[23][M]+,"",229.152597385167,64.5
"325",325,229.152610238768 / 86.7000045776367,[24][M]+,"",229.152610238768,86.7000045776367
"326",326,229.286279731801 / 86.7000045776367,"","",229.286279731801,86.7000045776367
"327",327,229.286002389122 / 63.9089775085449,"","",229.286002389122,63.9089775085449
"328",328,229.375562974601 / 86.6999969482422,"","",229.375562974601,86.6999969482422
"329",329,229.437236414649 / 86.7000045776367,"","",229.437236414649,86.7000045776367
"330",330,229.579910014823 / 1714.80002441406,"","",229.579910014823,1714.80002441406
"331",331,230.137095025304 / 111.900001525879,"","",230.137095025304,111.900001525879
"332",332,230.1552913263 / 86.6999969482422,[24][M+1]+,"",230.1552913263,86.6999969482422
"333",333,230.156819821691 / 64.3012351989746,[23][M+1]+,"",230.156819821691,64.3012351989746
"334",334,230.183854614756 / 210,"","",230.183854614756,210
"335",335,230.988220951976 / 64.5,"",[M+K]+ 192.025,230.988220951976,64.5
"336",336,231.066677745665 / 249.900024414062,"","",231.066677745665,249.900024414063
"337",337,231.081982950826 / 171.596878051758,"","",231.081982950826,171.596878051758
"338",338,231.131581528079 / 132.165084838867,"","",231.131581528079,132.165084838867
"339",339,231.130738906535 / 257.111602783203,"","",231.130738906535,257.111602783203
"340",340,231.139153045606 / 1060.20007324219,"","",231.139153045606,1060.20007324219
"341",341,231.14745027352 / 64.3926620483398,[23][M+2]+,"",231.14745027352,64.3926620483398
"342",342,231.156145652428 / 849.299987792969,"","",231.156145652428,849.299987792969
"343",343,232.105497424272 / 519,[25][M]+,"",232.105497424272,519
"344",344,232.114923523369 / 640.799987792969,"","",232.114923523369,640.799987792969
"345",345,232.127221490945 / 89.9457206726074,"","",232.127221490945,89.9457206726074
"346",346,232.152300253518 / 192.899993896484,[26][M]+,"",232.152300253518,192.899993896484
"347",347,232.240654530378 / 519,"","",232.240654530378,519
"348",348,232.286653696201 / 193.150695800781,"","",232.286653696201,193.150695800781
"349",349,232.439820228598 / 193.199981689453,"","",232.439820228598,193.199981689453
"350",350,233.108664531397 / 519,[25][M+1]+,"",233.108664531397,519
"351",351,233.110518917951 / 102.599998474121,"","",233.110518917951,102.599998474121
"352",352,233.115250513824 / 88.5,"","",233.115250513824,88.5
"353",353,233.121689043274 / 52.5,"","",233.121689043274,52.5
"354",354,233.155326316608 / 192.900009155273,[26][M+1]+,"",233.155326316608,192.900009155273
"355",355,234.084497897765 / 731.400024414062,"","",234.084497897765,731.400024414063
"356",356,234.09508147257 / 174.600006103516,"","",234.09508147257,174.600006103516
"357",357,234.121750882202 / 114.900001525879,"","",234.121750882202,114.900001525879
"358",358,235.129178759899 / 1921.80004882812,"","",235.129178759899,1921.80004882813
"359",359,235.166811719954 / 1612.80004882812,"","",235.166811719954,1612.80004882813
"360",360,235.177992636542 / 591,"","",235.177992636542,591
"361",361,235.19138776755 / 2065.19995117188,"","",235.19138776755,2065.19995117187
"362",362,235.191292327438 / 1977.90002441406,"","",235.191292327438,1977.90002441406
"363",363,235.313574201877 / 591,[27][M]3+,"",235.313574201877,591
"364",364,235.403832757369 / 591,"","",235.403832757369,591
"365",365,235.465242073855 / 591,"","",235.465242073855,591
"366",366,235.640745374582 / 591,[27][M+1]3+,"",235.640745374582,591
"367",367,236.162061783418 / 552.900024414062,"","",236.162061783418,552.900024414063
"368",368,236.181360041561 / 591,"","",236.181360041561,591
"369",369,237.099540799078 / 1031.09997558594,"","",237.099540799078,1031.09997558594
"370",370,237.121286995048 / 231,"",[M+H-H20]+ 254.126,237.121286995048,231
"371",371,237.145697013314 / 1128.00012207031,"","",237.145697013314,1128.00012207031
"372",372,237.188708317338 / 1977.90002441406,"","",237.188708317338,1977.90002441406
"373",373,237.184408192039 / 591,"","",237.184408192039,591
"374",374,238.09181822169 / 236.281105041504,"","",238.09181822169,236.281105041504
"375",375,239.104061943972 / 952.200012207031,"","",239.104061943972,952.200012207031
"376",376,239.136449755795 / 806.399963378906,"","",239.136449755795,806.399963378906
"377",377,239.964127616775 / 40.2000007629395,"","",239.964127616775,40.2000007629395
"378",378,240.095797688057 / 450.299987792969,"",[M+Na+K-H]+ 179.169,240.095797688057,450.299987792969
"379",379,240.105344137508 / 64.4819412231445,"","",240.105344137508,64.4819412231445
"380",380,241.091063618463 / 109.499992370605,"","",241.091063618463,109.499992370605
"381",381,241.104837414141 / 1141.80004882812,"",[M+H]+ 240.099,241.104837414141,1141.80004882813
"382",382,241.152733266889 / 78.8944854736328,"","",241.152733266889,78.8944854736328
"383",383,241.152643169004 / 66.3473815917969,"","",241.152643169004,66.3473815917969
"384",384,241.152784358687 / 93.6000061035156,"","",241.152784358687,93.6000061035156
"385",385,241.171440234609 / 1410.30004882812,"","",241.171440234609,1410.30004882813
"386",386,241.168218683328 / 517.5,"","",241.168218683328,517.5
"387",387,242.173286289174 / 1410.00012207031,"","",242.173286289174,1410.00012207031
"388",388,243.131859709845 / 541.200012207031,"","",243.131859709845,541.200012207031
"389",389,243.131273275326 / 604.799987792969,"","",243.131273275326,604.799987792969
"390",390,243.13173626956 / 499.800003051758,"","",243.13173626956,499.800003051758
"391",391,244.134591175463 / 541.200012207031,"","",244.134591175463,541.200012207031
"392",392,244.151938345391 / 420.609039306641,"","",244.151938345391,420.609039306641
"393",393,244.188925275792 / 1096.80004882812,"","",244.188925275793,1096.80004882813
"394",394,245.074223624595 / 57.6000022888184,"","",245.074223624596,57.6000022888184
"395",395,245.089741068693 / 784.200012207031,[28][M]+,"",245.089741068693,784.200012207031
"396",396,245.093468575184 / 127.200004577637,"","",245.093468575184,127.200004577637
"397",397,245.089506481715 / 892.799987792969,"","",245.089506481715,892.799987792969
"398",398,245.115241612025 / 1314.29992675781,"","",245.115241612025,1314.29992675781
"399",399,245.135630433023 / 869.700012207031,"","",245.135630433023,869.700012207031
"400",400,245.147295856839 / 614.700012207031,[29][M]+,[M+H]+ 244.14,245.147295856839,614.700012207031
"401",401,245.158414939723 / 71.6207580566406,"","",245.158414939723,71.6207580566406
"402",402,245.155308122647 / 420.899993896484,"","",245.155308122647,420.899993896484
"403",403,246.092988025935 / 784.200012207031,[28][M+1]+,"",246.092988025935,784.200012207031
"404",404,246.121201901142 / 527.099975585938,[30][M]+,[M+H]+ 245.115,246.121201901142,527.099975585938
"405",405,246.149638796413 / 614.779357910156,[29][M+1]+,"",246.149638796413,614.779357910156
"406",406,246.167502426843 / 483.300018310547,"","",246.167502426843,483.300018310547
"407",407,246.167261858686 / 597,"","",246.167261858686,597
"408",408,246.260409405529 / 527.099975585938,[31][M]3+,"",246.260409405529,527.099975585938
"409",409,246.354930572204 / 527.099975585938,"","",246.354930572204,527.099975585938
"410",410,246.415679325821 / 527.099975585938,"","",246.415679325821,527.099975585938
"411",411,246.595682461687 / 527.100036621094,[31][M+1]3+,"",246.595682461687,527.100036621094
"412",412,247.090921441422 / 59.1061496734619,"","",247.090921441422,59.1061496734619
"413",413,247.092822828578 / 454.800018310547,"","",247.092822828578,454.800018310547
"414",414,247.105909612142 / 776.400024414062,"","",247.105909612142,776.400024414063
"415",415,247.126275612505 / 122.100006103516,"","",247.126275612505,122.100006103516
"416",416,247.126579936854 / 224.100006103516,[32][M]+,[M+Na]+ 224.146,247.126579936854,224.100006103516
"417",417,247.126375589195 / 285.299987792969,"","",247.126375589195,285.299987792969
"418",418,247.124510292003 / 526.799987792969,[30][M+1]+,"",247.124510292003,526.799987792969
"419",419,247.141134660453 / 426.937469482422,"","",247.141134660453,426.937469482422
"420",420,247.151735576412 / 850.494567871094,"",[M+H]+ 246.146,247.151735576412,850.494567871094
"421",421,247.170458770035 / 483.798492431641,"","",247.170458770035,483.798492431641
"422",422,248.093345283361 / 249.899993896484,"","",248.093345283361,249.899993896484
"423",423,248.091152155584 / 509.100006103516,"",[M+Na+CF3COOH]+ 91.093 [M+K]+ 209.127 [M+Na]+ 225.101 [M+H]+ 247.083,248.091152155584,509.100006103516
"424",424,248.100586622111 / 454.799987792969,"","",248.100586622111,454.799987792969
"425",425,248.12924633573 / 122.099998474121,"","",248.12924633573,122.099998474121
"426",426,248.127435995124 / 527.099975585938,[30][M+2]+,"",248.127435995124,527.099975585938
"427",427,248.146724814216 / 69.3000030517578,"","",248.146724814216,69.3000030517578
"428",428,248.129623375227 / 224.399993896484,[32][M+1]+,"",248.129623375228,224.399993896484
"429",429,248.162195719116 / 466.768753051758,"","",248.162195719116,466.768753051758
"430",430,248.165463857261 / 1060.20007324219,"","",248.165463857261,1060.20007324219
"431",431,249.105414112195 / 48.2999992370605,"","",249.105414112195,48.2999992370606
"432",432,249.095673466649 / 249.900009155273,"","",249.095673466649,249.900009155273
"433",433,249.10612305492 / 331.799987792969,"","",249.10612305492,331.799987792969
"434",434,249.168837717912 / 1060.20007324219,"","",249.168837717912,1060.20007324219
"435",435,250.036373457996 / 66.6237716674805,"","",250.036373457996,66.6237716674805
"436",436,250.078787379249 / 400.200012207031,"","",250.078787379249,400.200012207031
"437",437,250.090872295792 / 118.199996948242,"","",250.090872295792,118.199996948242
"438",438,250.099290395571 / 752.999908447266,"","",250.099290395571,752.999908447266
"439",439,250.107916906748 / 497.394226074219,"","",250.107916906748,497.394226074219
"440",440,250.116490382696 / 681.599975585938,"","",250.116490382696,681.599975585938
"441",441,250.177861511512 / 719.400024414062,"","",250.177861511512,719.400024414063
"442",442,250.177865818639 / 536.400024414062,"","",250.177865818639,536.400024414063
"443",443,251.075415357384 / 148.5,"","",251.075415357384,148.5
"444",444,251.126082655472 / 1358.10009765625,"",[M+H-H20]+ 268.13,251.126082655472,1358.10009765625
"445",445,251.126112724983 / 1178.39990234375,"",[M+H]+ 250.119 [M+H-H20]+ 268.131,251.126112724983,1178.39990234375
"446",446,251.125883971987 / 1171.80004882812,"",[M+H-H20]+ 268.13,251.125883971987,1171.80004882813
"447",447,252.084327381845 / 601.039306640625,"","",252.084327381845,601.039306640625
"448",448,252.139706497022 / 764.999938964844,"","",252.139706497022,764.999938964844
"449",449,253.095821262079 / 766.799987792969,"",[M+H-H20]+ 270.103,253.095821262079,766.799987792969
"450",450,253.095878774699 / 890.700012207031,"","",253.095878774699,890.700012207031
"451",451,253.089045442668 / 201.582489013672,"","",253.089045442668,201.582489013672
"452",452,253.095005864756 / 728.392913818359,"","",253.095005864756,728.392913818359
"453",453,253.116050026404 / 219.900009155273,"",[M+H-H20]+ 270.121,253.116050026404,219.900009155273
"454",454,253.146517153927 / 842.700012207031,"","",253.146517153927,842.700012207031
"455",455,254.086678064064 / 766.799987792969,"",[M+H-NH3]+ 270.103,254.086678064064,766.799987792969
"456",456,254.159088821519 / 93,"","",254.159088821519,93
"457",457,255.095108922242 / 184.800003051758,"",[M+H]+ 254.091,255.095108922242,184.800003051758
"458",458,255.099440471042 / 1035.29992675781,[33][M]+,[M+K+HCOOH]+ 170.131 [M+Na+HCOOH]+ 186.105 [M+H+HCOOH]+ 208.087,255.099440471042,1035.29992675781
"459",459,255.09960221361 / 1044,"","",255.09960221361,1044
"460",460,255.109616510534 / 879.279571533203,"",[M+H-C6H8O6]+ 430.142,255.109616510534,879.279571533203
"461",461,255.115786698965 / 196.800003051758,"",[M+H-H20]+ 272.119,255.115786698965,196.800003051758
"462",462,255.131945620414 / 231,[34][M]+,[M+H]+ 254.126,255.131945620414,231
"463",463,255.156883080569 / 1231.79992675781,"","",255.156883080569,1231.79992675781
"464",464,255.143375079602 / 60.9202690124512,"",[M+H]+ 254.136,255.143375079602,60.9202690124512
"465",465,255.215626842899 / 923.700073242188,[35][M]2+,"",255.215626842899,923.700073242187
"466",466,255.209174113046 / 1179.90002441406,"","",255.209174113046,1179.90002441406
"467",467,255.642284452975 / 1922.09997558594,"","",255.642284452975,1922.09997558594
"468",468,255.717560227513 / 923.699951171875,[35][M+1]2+,"",255.717560227513,923.699951171875
"469",469,255.942525629738 / 40.2000007629395,"","",255.942525629738,40.2000007629395
"470",470,256.102526670649 / 1035.27600097656,[33][M+1]+,"",256.102526670649,1035.27600097656
"471",471,256.115795544794 / 134.399993896484,"","",256.115795544794,134.399993896484
"472",472,256.127442474274 / 267.279846191406,"","",256.127442474274,267.279846191406
"473",473,256.142628995434 / 1055.09997558594,[36][M]2+,"",256.142628995434,1055.09997558594
"474",474,256.143986748092 / 1921.80004882812,"","",256.143986748092,1921.80004882813
"475",475,256.13453643815 / 231,[34][M+1]+,"",256.13453643815,231
"476",476,256.261574665954 / 1881.30004882812,"","",256.261574665954,1881.30004882813
"477",477,256.640336601976 / 1921.80004882812,"","",256.640336601976,1921.80004882813
"478",478,256.643719029851 / 1055.0751953125,[36][M+1]2+,"",256.643719029851,1055.0751953125
"479",479,257.111067340911 / 82.220085144043,"","",257.111067340911,82.220085144043
"480",480,257.147610976621 / 689.700012207031,"","",257.147610976621,689.700012207031
"481",481,257.150554392743 / 1125,[37][M]2+,"",257.150554392743,1125
"482",482,257.158675714705 / 51,"","",257.158675714705,51
"483",483,257.147870749782 / 734.700012207031,"","",257.147870749782,734.700012207031
"484",484,257.224079863953 / 1153.19995117188,"","",257.224079863953,1153.19995117188
"485",485,257.651011193436 / 1124.99407958984,[37][M+1]2+,"",257.651011193436,1124.99407958984
"486",486,258.106748540164 / 68.0999984741211,"","",258.106748540164,68.0999984741211
"487",487,258.150450021735 / 689.699981689453,"","",258.150450021735,689.699981689453
"488",488,259.049119858277 / 92.7000045776367,"","",259.049119858277,92.7000045776367
"489",489,259.163472661871 / 756.600036621094,"","",259.163472661871,756.600036621094
"490",490,260.147516878122 / 88.2000045776367,"","",260.147516878122,88.2000045776367
"491",491,260.1830726747 / 720.599975585938,"","",260.1830726747,720.599975585938
"492",492,260.183329502546 / 650.400024414062,"","",260.183329502546,650.400024414063
"493",493,261.096528758042 / 80.7000045776367,"","",261.096528758042,80.7000045776367
"494",494,261.101619110414 / 621.599975585938,"","",261.101619110414,621.599975585938
"495",495,261.131943637168 / 662.700012207031,"",[M+H]+ 260.124,261.131943637168,662.700012207031
"496",496,261.142597596847 / 309,"","",261.142597596847,309
"497",497,261.142408620065 / 364.800018310547,"","",261.142408620065,364.800018310547
"498",498,262.035949099495 / 76.1999969482422,"","",262.035949099495,76.1999969482422
"499",499,262.108415299133 / 521.700012207031,"","",262.108415299133,521.700012207031
"500",500,262.126165712063 / 66.1386260986328,"","",262.126165712063,66.1386260986328
"501",501,262.117337174578 / 475.463333129883,[38][M]+,"",262.117337174578,475.463333129883
"502",502,262.117581961631 / 597.608947753906,"","",262.117581961631,597.608947753906
"503",503,262.125616693269 / 77.7000045776367,"","",262.125616693269,77.7000045776367
"504",504,262.117082484889 / 375.600036621094,"","",262.117082484889,375.600036621094
"505",505,262.163299775799 / 95.6999969482422,[39][M]+,"",262.163299775799,95.6999969482422
"506",506,263.04046719072 / 75.9000015258789,"","",263.04046719072,75.9000015258789
"507",507,263.101890352411 / 545.100036621094,"","",263.101890352411,545.100036621094
"508",508,263.103423335767 / 559.5,"","",263.103423335767,559.5
"509",509,263.102489466177 / 474.899993896484,[38][M+1]+,"",263.102489466177,474.899993896484
"510",510,263.137761979057 / 603,"","",263.137761979057,603
"511",511,263.146457562756 / 646.805419921875,"","",263.146457562756,646.805419921875
"512",512,263.166551787574 / 95.6999969482422,[39][M+1]+,"",263.166551787574,95.6999969482422
"513",513,264.115386886962 / 649.5,"","",264.115386886962,649.5
"514",514,264.194212268128 / 709.199951171875,[40][M]+,"",264.194212268128,709.199951171875
"515",515,264.229806681895 / 1090.50012207031,"","",264.229806681895,1090.50012207031
"516",516,265.014306971427 / 39.8999977111816,"","",265.014306971427,39.8999977111816
"517",517,265.095689988317 / 439.200012207031,"","",265.095689988317,439.200012207031
"518",518,265.115949441437 / 509.100006103516,[41][M]+,[M+K+NH3]+ 209.127 [M+Na+NH3]+ 225.101 [M+H+NH3]+ 247.083,265.115949441437,509.100006103516
"519",519,265.116090077966 / 513.900024414062,[42][M]+,"",265.116090077966,513.900024414063
"520",520,265.142302565198 / 887.399963378906,"","",265.142302565198,887.399963378906
"521",521,265.147262196029 / 859.800079345703,"","",265.147262196029,859.800079345703
"522",522,265.196694933333 / 709.200012207031,[40][M+1]+,"",265.196694933333,709.200012207031
"523",523,265.259813487086 / 509.100006103516,"","",265.259813487086,509.100006103516
"524",524,265.355845178037 / 509.399993896484,"","",265.355845178037,509.399993896484
"525",525,265.42129323903 / 509.399993896484,"","",265.42129323903,509.399993896484
"526",526,265.607878637698 / 509.100006103516,"","",265.607878637699,509.100006103516
"527",527,266.100371998405 / 630.600036621094,"","",266.100371998405,630.600036621094
"528",528,266.100363301946 / 703.5,"","",266.100363301946,703.5
"529",529,266.119756962341 / 509.100006103516,[41][M+1]+,"",266.119756962341,509.100006103516
"530",530,266.108190329852 / 504.299987792969,[43][M]+,[M+Na]+ 243.112,266.108190329852,504.299987792969
"531",531,266.119756093919 / 514.200012207031,[42][M+1]+,"",266.119756093919,514.200012207031
"532",532,266.136967829542 / 551.400024414062,"","",266.136967829542,551.400024414063
"533",533,267.057422645064 / 57.0321846008301,"","",267.057422645064,57.0321846008301
"534",534,267.103922589851 / 630.599975585938,"","",267.103922589851,630.599975585938
"535",535,267.10736394141 / 504.300018310547,[43][M+1]+,"",267.10736394141,504.300018310547
"536",536,267.120096976555 / 187.5,"","",267.120096976555,187.5
"537",537,267.120819285454 / 816.599975585938,"",[M+H-H20]+ 284.126,267.120819285454,816.599975585937
"538",538,267.131609262576 / 756.900024414062,"","",267.131609262576,756.900024414063
"539",539,267.120596268468 / 907.5,"","",267.120596268468,907.5
"540",540,267.121264669646 / 509.099975585938,[41][M+2]+,"",267.121264669646,509.099975585938
"541",541,267.129338545016 / 614.700012207031,"",[M+Na]+ 244.14,267.129338545016,614.700012207031
"542",542,267.131854091938 / 137.150207519531,"","",267.131854091938,137.150207519531
"543",543,267.139776103946 / 551.400024414062,"","",267.139776103946,551.400024414063
"544",544,267.168519378302 / 214.800003051758,[44][M]+,"",267.168519378302,214.800003051758
"545",545,268.102696562217 / 70.4972763061523,"","",268.102696562217,70.4972763061524
"546",546,268.152347835011 / 540.299987792969,[45][M]+,"",268.152347835011,540.299987792969
"547",547,268.171282144685 / 214.799987792969,[44][M+1]+,"",268.171282144685,214.799987792969
"548",548,269.122055588568 / 54.2999992370605,"",[M+H]+ 268.125,269.122055588568,54.2999992370606
"549",549,269.147861175496 / 730.5,"","",269.147861175496,730.5
"550",550,269.136112157918 / 1358.10009765625,"",[M+H]+ 268.13,269.136112157918,1358.10009765625
"551",551,269.136633905175 / 1178.10009765625,"",[M+H]+ 268.131,269.136633905175,1178.10009765625
"552",552,269.136511329914 / 1172.09997558594,"",[M+H]+ 268.13,269.136511329914,1172.09997558594
"553",553,269.154794778322 / 540.299987792969,[45][M+1]+,"",269.154794778322,540.299987792969
"554",554,270.277891257303 / 1834.80004882812,"","",270.277891257303,1834.80004882813
"555",555,271.090895094073 / 86.6999969482422,"","",271.090895094073,86.6999969482422
"556",556,271.106017078894 / 766.799987792969,[46][M]+,[M+H]+ 270.103,271.106017078894,766.799987792969
"557",557,271.127260746994 / 219.900009155273,"",[M+H]+ 270.121,271.127260746994,219.900009155273
"558",558,271.162814166088 / 824.708740234375,"","",271.162814166088,824.708740234375
"559",559,271.163450695186 / 896.099975585938,"","",271.163450695186,896.099975585937
"560",560,271.162350798387 / 750.299987792969,"","",271.162350798387,750.299987792969
"561",561,271.204123470626 / 984.737548828125,"","",271.204123470626,984.737548828125
"562",562,272.093333107777 / 86.7000045776367,"","",272.093333107777,86.7000045776367
"563",563,272.108349607843 / 766.799987792969,[46][M+1]+,"",272.108349607843,766.799987792969
"564",564,272.183746268328 / 699.900024414062,[47][M]+,"",272.183746268328,699.900024414063
"565",565,272.183674104995 / 778.800048828125,"","",272.183674104995,778.800048828125
"566",566,273.125266222307 / 196.800003051758,[48][M]+,[M+H]+ 272.119,273.125266222307,196.800003051758
"567",567,273.187125203954 / 699.900024414062,[47][M+1]+,"",273.187125203954,699.900024414063
"568",568,273.219737262681 / 1180.49987792969,"","",273.219737262681,1180.49987792969
"569",569,274.103116833493 / 73.1999969482422,"","",274.103116833493,73.1999969482422
"570",570,274.117653976481 / 225.300003051758,"",[2M+Na+2K-H]2+ 224.146,274.117653976481,225.300003051758
"571",571,274.13007131237 / 196.800003051758,[48][M+1]+,"",274.13007131237,196.800003051758
"572",572,274.182259831166 / 1151.09997558594,[49][M]+,"",274.182259831166,1151.09997558594
"573",573,274.182015972599 / 1171.50012207031,"","",274.182015972599,1171.50012207031
"574",574,274.199832412123 / 822.599975585938,"","",274.199832412123,822.599975585938
"575",575,275.104439360564 / 602.700012207031,"","",275.104439360564,602.700012207031
"576",576,275.12243997991 / 197.099990844727,[48][M+2]+,"",275.12243997991,197.099990844727
"577",577,275.157812791785 / 454.5,"","",275.157812791785,454.5
"578",578,275.184400207248 / 1150.84002685547,[49][M+1]+,"",275.184400207248,1150.84002685547
"579",579,276.124335005937 / 630.299987792969,"","",276.124335005937,630.299987792969
"580",580,276.124578927018 / 649.200012207031,"","",276.124578927018,649.200012207031
"581",581,276.142365311453 / 83.6999969482422,[50][M]+,"",276.142365311453,83.6999969482422
"582",582,276.142271617701 / 123.527900695801,"","",276.142271617701,123.527900695801
"583",583,276.179304273973 / 280.309936523438,"","",276.179304273973,280.309936523438
"584",584,276.197239494209 / 1239.89990234375,"","",276.197239494209,1239.89990234375
"585",585,277.084225714976 / 73.5,"","",277.084225714976,73.5
"586",586,277.145894443258 / 123.599998474121,"","",277.145894443258,123.599998474121
"587",587,277.146999156406 / 83.6999969482422,[50][M+1]+,"",277.146999156406,83.6999969482422
"588",588,278.140027030726 / 682.5,"","",278.140027030726,682.5
"589",589,279.091912010016 / 1209.30004882812,"","",279.091912010016,1209.30004882813
"590",590,279.157261462645 / 1714.5,[51][M]+,"",279.157261462645,1714.5
"591",591,279.138776128731 / 618.599975585938,"","",279.138776128731,618.599975585938
"592",592,279.157250753765 / 928.5,"","",279.157250753765,928.5
"593",593,279.140680832646 / 690,"","",279.140680832646,690
"594",594,279.157082712667 / 30.8999996185303,"","",279.157082712667,30.8999996185303
"595",595,279.156840632579 / 25.3500003814697,"","",279.156840632579,25.3500003814697
"596",596,279.682553938776 / 514.5,"","",279.682553938776,514.5
"597",597,280.110144086547 / 290.700012207031,[52][M]+,[M+Na]+ 257.119,280.110144086547,290.700012207031
"598",598,280.160482769624 / 1714.8,[51][M+1]+,"",280.160482769624,1714.8
"599",599,280.187826561479 / 531,"","",280.187826561479,531
"600",600,280.261024351297 / 1820.40002441406,"","",280.261024351297,1820.40002441406
"601",601,280.991785323333 / 39.5999984741211,"","",280.991785323333,39.5999984741211
"602",602,281.097488997793 / 520.200012207031,"","",281.097488997793,520.200012207031
"603",603,281.111416899387 / 167.699996948242,[53][M]+,"",281.111416899387,167.699996948242
"604",604,281.11156346844 / 240.600006103516,[54][M]+,"",281.11156346844,240.600006103516
"605",605,281.11165322269 / 350.846878051758,"","",281.11165322269,350.846878051758
"606",606,281.111523087593 / 418.799987792969,"","",281.111523087593,418.799987792969
"607",607,281.111984399263 / 618.900024414062,"","",281.111984399263,618.900024414063
"608",608,281.112191271005 / 290.700012207031,[52][M+1]+,"",281.112191271005,290.700012207031
"609",609,281.148176031957 / 848.699951171875,"","",281.148176031957,848.699951171875
"610",610,282.117454734296 / 60.9000015258789,"","",282.117454734296,60.9000015258789
"611",611,282.114270752573 / 167.686279296875,[53][M+1]+,"",282.114270752573,167.686279296875
"612",612,282.113960758703 / 240.299987792969,[54][M+1]+,"",282.113960758703,240.299987792969
"613",613,282.277006311286 / 1903.02331542969,[55][M]+,"",282.277006311286,1903.02331542969
"614",614,283.102440972467 / 110.399993896484,"",[M+H]+ 282.12,283.102440972467,110.399993896484
"615",615,283.113038413442 / 662.253479003906,"",[M+Na]+ 260.124,283.113038413442,662.253479003906
"616",616,283.12670424715 / 685.5,"","",283.12670424715,685.5
"617",617,283.121642529556 / 60.6000022888184,"","",283.121642529556,60.6000022888184
"618",618,283.159549144419 / 114.899993896484,"",[M+H]+ 282.12,283.159549144419,114.899993896484
"619",619,283.280762471243 / 1903.19995117188,[55][M+1]+,"",283.280762471243,1903.19995117188
"620",620,284.060380252978 / 272.700012207031,"","",284.060380252978,272.700012207031
"621",621,284.10454795312 / 110.100006103516,"","",284.10454795312,110.100006103516
"622",622,284.18414373548 / 497.099975585938,"","",284.18414373548,497.099975585938
"623",623,284.183994291572 / 774,"","",284.183994291572,774
"624",624,284.231108878415 / 210,"","",284.231108878415,210
"625",625,285.081805439636 / 93.2999954223633,"","",285.081805439636,93.2999954223633
"626",626,285.131773567256 / 816,"",[M+H]+ 284.126,285.131773567256,816
"627",627,285.132230081675 / 907.500030517578,"","",285.132230081675,907.500030517578
"628",628,285.179524817629 / 980.400024414062,"","",285.179524817629,980.400024414062
"629",629,285.255287849844 / 1241.69995117188,"","",285.255287849844,1241.69995117188
"630",630,286.101856352292 / 133.800003051758,"",[M+H]+ 285.094,286.101856352292,133.800003051758
"631",631,286.126637570047 / 91.1999969482422,"","",286.126637570047,91.1999969482422
"632",632,286.199552919459 / 871.200012207031,[56][M]+,"",286.199552919459,871.200012207031
"633",633,287.104354244833 / 133.800003051758,"","",287.104354244833,133.800003051758
"634",634,287.099280888625 / 504.600006103516,"","",287.099280888625,504.600006103516
"635",635,287.099228998894 / 513.149963378906,"",[M+Na]+ 264.11,287.099228998894,513.149963378906
"636",636,287.130049665205 / 91.1999969482422,"","",287.130049665205,91.1999969482422
"637",637,287.20245056647 / 871.200012207031,[56][M+1]+,"",287.20245056647,871.200012207031
"638",638,287.199056323256 / 1028.85266113281,"","",287.199056323256,1028.85266113281
"639",639,288.117787068064 / 71.8135719299316,"","",288.117787068064,71.8135719299317
"640",640,288.124173862924 / 143.100006103516,"","",288.124173862924,143.100006103516
"641",641,288.142166174938 / 104.400001525879,"","",288.142166174938,104.400001525879
"642",642,288.148692588123 / 635.099975585938,"",[M+H]+ 287.148 [M+H-CO2]+ 331.132,288.148692588123,635.099975585938
"643",643,288.21511254735 / 999.299987792969,"","",288.21511254735,999.299987792969
"644",644,288.21516711402 / 911.700012207031,"","",288.21516711402,911.700012207031
"645",645,288.215040186513 / 917.399963378906,"",[M+H-COCH2]+ 329.218,288.215040186513,917.399963378906
"646",646,289.137632308236 / 567.600036621094,"","",289.137632308236,567.600036621094
"647",647,290.133439391957 / 102.644969940186,"","",290.133439391957,102.644969940186
"648",648,290.157591457481 / 152.099990844727,[57][M]+,"",290.157591457481,152.099990844727
"649",649,290.157609876075 / 180.000015258789,[58][M]+,"",290.157609876075,180.000015258789
"650",650,291.161294205069 / 152.099990844727,[57][M+1]+,"",291.161294205069,152.099990844727
"651",651,291.161412396019 / 180.299987792969,[58][M+1]+,"",291.161412396019,180.299987792969
"652",652,292.155977668382 / 627,"","",292.155977668382,627
"653",653,292.155834997127 / 605.700042724609,"","",292.155834997127,605.700042724609
"654",654,293.136526962253 / 839.400024414062,"","",293.136526962253,839.400024414062
"655",655,295.083780278422 / 143.100006103516,"","",295.083780278422,143.100006103516
"656",656,295.127710259011 / 473.699981689453,"","",295.127710259011,473.699981689453
"657",657,296.147829256013 / 339,[59][M]+,"",296.147829256013,339
"658",658,296.147906868398 / 417.899993896484,"","",296.147906868398,417.899993896484
"659",659,296.211664299175 / 596.707061767578,[60][M]2+,"",296.211664299175,596.707061767578
"660",660,296.71324 / 596.700012207031,[60][M+1]2+,"",296.71324,596.700012207031
"661",661,297.10585110261 / 115.5,"","",297.10585110261,115.5
"662",662,297.151151971929 / 339.015350341797,[59][M+1]+,"",297.151151971929,339.015350341797
"663",663,297.142460301646 / 690,"","",297.142460301646,690
"664",664,297.237318266823 / 1815.30004882812,"","",297.237318266823,1815.30004882813
"665",665,298.094718154606 / 314.699981689453,"","",298.094718154607,314.699981689453
"666",666,298.112479938373 / 98.6999969482422,[61][M]+,[M+H]+ 297.105,298.112479938373,98.6999969482422
"667",667,298.112394050313 / 116.099998474121,"","",298.112394050313,116.099998474121
"668",668,298.162930610516 / 549.754760742188,"","",298.162930610516,549.754760742188
"669",669,299.11548138878 / 98.6999969482422,[61][M+1]+,"",299.11548138878,98.6999969482422
"670",670,299.126916344108 / 894.599975585938,"","",299.126916344108,894.599975585938
"671",671,299.20476522166 / 668.399963378906,"","",299.20476522166,668.399963378906
"672",672,299.234380564835 / 1215,"","",299.234380564835,1215
"673",673,300.055637673546 / 91.5,"","",300.055637673546,91.5
"674",674,300.106305849354 / 77.0999984741211,"","",300.106305849354,77.0999984741211
"675",675,300.153927547592 / 69,"","",300.153927547592,69
"676",676,300.159350719712 / 960.588134765625,"","",300.159350719712,960.588134765625
"677",677,300.178719800584 / 567.900024414062,"","",300.178719800584,567.900024414063
"678",678,300.198109078129 / 1254.60003662109,"","",300.198109078129,1254.60003662109
"679",679,300.215779825208 / 954.900024414062,[62][M]+,"",300.215779825208,954.900024414063
"680",680,300.215782581042 / 1001.40002441406,"","",300.215782581042,1001.40002441406
"681",681,301.13948100265 / 1714.79992675781,"","",301.13948100265,1714.79992675781
"682",682,301.13780224373 / 456.599975585938,"","",301.13780224373,456.599975585938
"683",683,301.139010571971 / 102.900001525879,"","",301.139010571971,102.900001525879
"684",684,301.217947220863 / 954.900024414062,[62][M+1]+,"",301.217947220863,954.900024414063
"685",685,302.140955517926 / 767.700012207031,"","",302.140955517926,767.700012207031
"686",686,302.143884304831 / 60.0000019073486,"",[3M+H+K]2+ 188.086,302.143884304831,60.0000019073486
"687",687,302.158373052916 / 207.600006103516,"","",302.158373052916,207.600006103516
"688",688,302.194053068145 / 776.100036621094,"","",302.194053068145,776.100036621094
"689",689,302.193810940928 / 633.618133544922,"","",302.193810940928,633.618133544922
"690",690,302.230453157986 / 1041.9091796875,[63][M]+,"",302.230453157986,1041.9091796875
"691",691,302.230507123842 / 1060.80004882812,"","",302.230507123842,1060.80004882813
"692",692,302.383459732163 / 1042.3056640625,"","",302.383459732163,1042.3056640625
"693",693,303.070051276992 / 128.100006103516,"","",303.070051276992,128.100006103516
"694",694,303.072473046888 / 504.600006103516,"","",303.072473046889,504.600006103516
"695",695,303.07222630551 / 512.700012207031,"",[M+K]+ 264.11,303.07222630551,512.700012207031
"696",696,303.099440394054 / 570.299987792969,"","",303.099440394054,570.299987792969
"697",697,303.160900387543 / 207.899993896484,"","",303.160900387543,207.899993896484
"698",698,303.193691131834 / 915.299987792969,"","",303.193691131834,915.299987792969
"699",699,303.234595680497 / 1042.16400146484,[63][M+1]+,"",303.234595680497,1042.16400146484
"700",700,304.1277219037 / 600.155456542969,[64][M]+,"",304.1277219037,600.155456542969
"701",701,304.149041926 / 279.300018310547,"","",304.149041926,279.300018310547
"702",702,304.155698845414 / 813.599975585938,"","",304.155698845414,813.599975585938
"703",703,304.173583269564 / 354.299987792969,[65][M]+,"",304.173583269564,354.299987792969
"704",704,304.172281110861 / 172.800003051758,"","",304.172281110861,172.800003051758
"705",705,304.173085238151 / 404.399993896484,"","",304.173085238151,404.399993896484
"706",706,304.209967852293 / 744,[66][M]+,[M+H]+ 303.212 [M+H-H20]+ 321.217,304.209967852293,744
"707",707,304.299374337713 / 1536,"","",304.299374337713,1536
"708",708,305.085349590846 / 205.800003051758,"","",305.085349590846,205.800003051758
"709",709,305.131209134385 / 600.005554199219,[64][M+1]+,"",305.131209134385,600.005554199219
"710",710,305.176991554854 / 354.299987792969,[65][M+1]+,"",305.176991554854,354.299987792969
"711",711,305.213863074533 / 744,[66][M+1]+,"",305.213863074533,744
"712",712,306.171881421313 / 863.700012207031,"","",306.171881421313,863.700012207031
"713",713,307.109497787702 / 707.700012207031,"","",307.109497787702,707.700012207031
"714",714,307.200741425902 / 1044.11383056641,"","",307.200741425902,1044.11383056641
"715",715,308.1122126039 / 707.700012207031,"","",308.1122126039,707.700012207031
"716",716,308.183439046224 / 940.799987792969,"","",308.183439046224,940.799987792969
"717",717,310.084669358368 / 554.099975585938,"","",310.084669358368,554.099975585938
"718",718,310.162673233188 / 572.710021972656,"","",310.162673233188,572.710021972656
"719",719,310.199526634836 / 992.699981689453,[67][M]+,"",310.199526634836,992.699981689453
"720",720,310.199393633773 / 944.700012207031,"","",310.199393633773,944.700012207031
"721",721,310.199340465672 / 948.900024414062,"","",310.199340465672,948.900024414062
"722",722,311.06755313569 / 486.899993896484,"","",311.06755313569,486.899993896484
"723",723,311.147534728611 / 838.5,"","",311.147534728611,838.5
"724",724,311.183733341708 / 1345.5,"",[M+H]+ 310.176,311.183733341708,1345.5
"725",725,311.202435600413 / 992.700012207031,[67][M+1]+,"",311.202435600413,992.700012207031
"726",726,312.128618982002 / 189.600006103516,[68][M]+,[M+H]+ 311.121,312.128618982002,189.600006103516
"727",727,312.186986502779 / 1345.5,"","",312.186986502779,1345.5
"728",728,312.215054117464 / 1072.20007324219,[69][M]+,"",312.215054117464,1072.20007324219
"729",729,312.214867504927 / 1021.20001220703,"","",312.214867504927,1021.20001220703
"730",730,312.214993595209 / 936.299987792969,[70][M]+,"",312.214993595209,936.299987792969
"731",731,313.084305966399 / 470.100006103516,"","",313.084305966399,470.100006103516
"732",732,313.13135656514 / 189.600006103516,[68][M+1]+,"",313.13135656514,189.600006103516
"733",733,313.218942685929 / 1072.20007324219,[69][M+1]+,"",313.218942685929,1072.20007324219
"734",734,313.218775990795 / 936.299987792969,[70][M+1]+,"",313.218775990795,936.299987792969
"735",735,313.666571552701 / 560.399963378906,"","",313.666571552701,560.399963378906
"736",736,313.665502080544 / 565.799987792969,"","",313.665502080544,565.799987792969
"737",737,314.231242676804 / 1101.90002441406,[71][M]+,"",314.231242676804,1101.90002441406
"738",738,314.231383185807 / 1088.40002441406,"","",314.231383185807,1088.40002441406
"739",739,314.231162747782 / 1059.29992675781,"","",314.231162747782,1059.29992675781
"740",740,315.23470622163 / 1101.90002441406,[71][M+1]+,"",315.23470622163,1101.90002441406
"741",741,316.173585451989 / 536.099975585938,"","",316.173585451989,536.099975585938
"742",742,316.173219198015 / 477.899993896484,"","",316.173219198015,477.899993896484
"743",743,316.192670361727 / 930.299987792969,"","",316.192670361727,930.299987792969
"744",744,316.209554111643 / 718.799926757812,"","",316.209554111643,718.799926757813
"745",745,316.246312626405 / 1206,"","",316.246312626405,1206
"746",746,316.246104503561 / 1161.60009765625,"","",316.246104503561,1161.60009765625
"747",747,317.128540897448 / 461.700012207031,[72][M]2+,"",317.128540897448,461.700012207031
"748",748,317.176445155634 / 536.100006103516,"","",317.176445155634,536.100006103516
"749",749,317.630537857915 / 461.700012207031,[72][M+1]2+,"",317.630537857915,461.700012207031
"750",750,318.127315311113 / 461.700012207031,"","",318.127315311113,461.700012207031
"751",751,318.160088606825 / 621.599975585938,"",[M+H]+ 317.159 [M+H-CO2]+ 361.143,318.160088606826,621.599975585938
"752",752,318.17121323733 / 493.491516113281,"","",318.17121323733,493.491516113281
"753",753,318.190091184059 / 586.200012207031,[73][M]+,"",318.190091184059,586.200012207031
"754",754,318.208438053396 / 982.200012207031,"","",318.208438053396,982.200012207031
"755",755,319.163968624578 / 667.200012207031,[74][M]+,"",319.163968624578,667.200012207031
"756",756,319.193463866718 / 586.200012207031,[73][M+1]+,"",319.193463866718,586.200012207031
"757",757,319.184194583317 / 145.737274169922,"",[M+H]+ 318.177,319.184194583317,145.737274169922
"758",758,320.139058395664 / 618.007995605469,[75][M]+,"",320.139058395664,618.007995605469
"759",759,320.167131602124 / 667.200012207031,[74][M+1]+,"",320.167131602124,667.200012207031
"760",760,321.079872951093 / 85.5,"","",321.079872951093,85.5
"761",761,321.142749196837 / 618,[75][M+1]+,"",321.142749196837,618
"762",762,322.075304530339 / 70.5,"","",322.075304530339,70.5
"763",763,323.116025146394 / 235.199996948242,"","",323.116025146394,235.199996948242
"764",764,324.121756010568 / 828.900024414062,"","",324.121756010568,828.900024414063
"765",765,326.036729382821 / 394.499984741211,"","",326.036729382821,394.499984741211
"766",766,326.086403090655 / 78.5999984741211,"",[M+Na+CF3COOH]+ 169.089,326.086403090655,78.5999984741211
"767",767,326.08678673221 / 300.299987792969,"","",326.08678673221,300.299987792969
"768",768,326.086402931209 / 258.299987792969,"","",326.086402931209,258.299987792969
"769",769,326.08561910165 / 468.600006103516,"","",326.08561910165,468.600006103516
"770",770,326.144514821415 / 126.300003051758,"","",326.144514821415,126.300003051758
"771",771,326.194774772967 / 1021.74432373047,[76][M]+,"",326.194774772967,1021.74432373047
"772",772,326.230855256519 / 856.799987792969,[77][M]+,"",326.230855256519,856.799987792969
"773",773,327.14662738676 / 126.300003051758,"","",327.14662738676,126.300003051758
"774",774,327.15356961659 / 265.500030517578,"","",327.15356961659,265.500030517578
"775",775,327.197261720733 / 1021.79754638672,[76][M+1]+,"",327.197261720733,1021.79754638672
"776",776,327.234019577081 / 856.799987792969,[77][M+1]+,"",327.234019577081,856.799987792969
"777",777,328.101611150804 / 592.5,"","",328.101611150804,592.5
"778",778,328.101855535499 / 445.500030517578,"","",328.101855535499,445.500030517578
"779",779,328.210860925848 / 825.300048828125,"","",328.210860925848,825.300048828125
"780",780,328.210569570957 / 686.700012207031,"","",328.210569570957,686.700012207031
"781",781,328.210379575071 / 883.5,"","",328.210379575071,883.5
"782",782,328.210753845399 / 575.400024414062,"","",328.210753845399,575.400024414063
"783",783,328.247136044781 / 1195.50012207031,[78][M]+,"",328.247136044781,1195.50012207031
"784",784,329.250448789543 / 1195.57501220703,[78][M+1]+,"",329.250448789543,1195.57501220703
"785",785,330.058815768643 / 73.5,"","",330.058815768643,73.5
"786",786,330.081239821388 / 237.299987792969,"","",330.081239821388,237.299987792969
"787",787,330.164966012139 / 444,"","",330.164966012139,444
"788",788,330.189706042995 / 616.538330078125,"","",330.189706042995,616.538330078125
"789",789,330.189814116534 / 641.700012207031,"","",330.189814116534,641.700012207031
"790",790,330.225796642049 / 917.399963378906,"",[M+H]+ 329.218,330.225796642049,917.399963378906
"791",791,330.225905259173 / 857.699951171875,"","",330.225905259173,857.699951171875
"792",792,330.225714393041 / 842.099975585938,"","",330.225714393041,842.099975585938
"793",793,330.225802047195 / 1045.80004882812,"","",330.225802047195,1045.80004882813
"794",794,330.225401809813 / 962.699951171875,"","",330.225401809813,962.699951171875
"795",795,331.193216422734 / 617.25,"","",331.193216422734,617.25
"796",796,331.22573131524 / 969.900085449219,"","",331.22573131524,969.900085449219
"797",797,331.229219611637 / 857.683349609375,"","",331.229219611637,857.683349609375
"798",798,332.138874864059 / 634.800048828125,[79][M]+,[M+2Na-H]+ 287.148 [M+H]+ 331.132,332.138874864059,634.800048828125
"799",799,332.188707985223 / 970.5,"","",332.188707985223,970.5
"800",800,332.205238028148 / 678.900024414062,[80][M]+,"",332.205238028148,678.900024414063
"801",801,332.241563718359 / 875.100036621094,"","",332.241563718359,875.100036621094
"802",802,332.241423278279 / 789.899963378906,"","",332.241423278279,789.899963378906
"803",803,332.24093033744 / 1003.50006103516,"","",332.24093033744,1003.50006103516
"804",804,333.142550104167 / 634.800048828125,[79][M+1]+,"",333.142550104167,634.800048828125
"805",805,333.165300130379 / 1345.5,"",[M+Na]+ 310.176,333.165300130379,1345.5
"806",806,333.209244249433 / 678.900024414062,[80][M+1]+,"",333.209244249433,678.900024414063
"807",807,334.118947690969 / 820.800048828125,"","",334.118947690969,820.800048828125
"808",808,334.185104180488 / 231.300003051758,"","",334.185104180488,231.300003051758
"809",809,336.182418622006 / 489.300018310547,"","",336.182418622006,489.300018310547
"810",810,337.104503305666 / 1476.90002441406,"","",337.104503305666,1476.90002441406
"811",811,337.131613193757 / 141.600006103516,[81][M]+,"",337.131613193757,141.600006103516
"812",812,337.175143581426 / 671.063415527344,"","",337.175143581427,671.063415527344
"813",813,338.086509868421 / 549,"","",338.086509868421,549
"814",814,338.134663687307 / 141.388900756836,[81][M+1]+,"",338.134663687307,141.388900756836
"815",815,338.143466750954 / 446.100006103516,"","",338.143466750954,446.100006103516
"816",816,338.177494594518 / 671.100006103516,"","",338.177494594518,671.100006103516
"817",817,338.231362797181 / 1093.50006103516,"","",338.231362797181,1093.50006103516
"818",818,338.339709976864 / 2082.89990234375,"","",338.339709976864,2082.89990234375
"819",819,338.434439651445 / 603.299987792969,"","",338.434439651445,603.299987792969
"820",820,338.434052313223 / 607.209411621094,"","",338.434052313223,607.209411621094
"821",821,338.684679983085 / 603.299957275391,"","",338.684679983085,603.299957275391
"822",822,338.684789908754 / 607.301055908203,"","",338.684789908754,607.301055908203
"823",823,338.935622089134 / 605.974578857422,"","",338.935622089134,605.974578857422
"824",824,339.124604811221 / 461.699981689453,[82][M]2+,"",339.124604811221,461.699981689453
"825",825,339.625459011894 / 461.699981689453,[82][M+1]2+,"",339.625459011894,461.699981689453
"826",826,340.101407357798 / 627.299987792969,"","",340.101407357798,627.299987792969
"827",827,340.101699947856 / 128.400009155273,"","",340.101699947856,128.400009155273
"828",828,340.131314847784 / 810.600036621094,"","",340.131314847784,810.600036621094
"829",829,340.131438507009 / 906,"","",340.131438507009,906
"830",830,340.131355998437 / 961.499938964844,"","",340.131355998437,961.499938964844
"831",831,340.152722198302 / 828.900024414062,[83][M]+,"",340.152722198302,828.900024414063
"832",832,340.174762735026 / 591.190307617188,"","",340.174762735026,591.190307617188
"833",833,340.316292751173 / 828.900024414062,"","",340.316292751173,828.900024414063
"834",834,341.156207051406 / 828.900024414062,[83][M+1]+,"",341.156207051406,828.900024414063
"835",835,341.16961687688 / 612.642181396484,"","",341.16961687688,612.642181396484
"836",836,342.159320486793 / 828.900024414062,"","",342.159320486793,828.900024414063
"837",837,342.205918770474 / 1083.30004882812,[84][M]+,"",342.205918770474,1083.30004882813
"838",838,342.226547549094 / 794.399963378906,[85][M]+,"",342.226547549094,794.399963378906
"839",839,343.11287632209 / 258.599990844727,"",[2M+2Na-H]+ 149.052,343.11287632209,258.599990844727
"840",840,343.153473316222 / 1659.43591308594,"",[M+H]+ 342.147,343.153473316222,1659.43591308594
"841",841,343.153433070654 / 1672.20007324219,"",[M+H]+ 342.147,343.153433070654,1672.20007324219
"842",842,343.208922671546 / 1083.29992675781,[84][M+1]+,"",343.208922671546,1083.29992675781
"843",843,343.22154040638 / 840.299987792969,"","",343.22154040638,840.299987792969
"844",844,343.230200584381 / 794.400024414062,[85][M+1]+,"",343.230200584381,794.400024414063
"845",845,344.206092260278 / 745.200012207031,"",[3M+2Na+2K-H]3+ 303.212 [M+Na]+ 321.217,344.206092260278,745.200012207031
"846",846,344.242262536281 / 803.399963378906,[86][M]+,"",344.242262536281,803.399963378906
"847",847,345.128927726638 / 97.8218307495117,"","",345.128927726638,97.8218307495117
"848",848,345.208643520851 / 745.200012207031,"","",345.208643520851,745.200012207031
"849",849,345.245363662791 / 803.100036621094,[86][M+1]+,"",345.245363662791,803.100036621094
"850",850,346.119543109403 / 837.600036621094,"","",346.119543109403,837.600036621094
"851",851,346.121876247365 / 720,"","",346.121876247365,720
"852",852,346.221480909325 / 795.600036621094,[87][M]+,"",346.221480909325,795.600036621094
"853",853,346.258549114882 / 1073.40002441406,"","",346.258549114882,1073.40002441406
"854",854,347.123474417928 / 625.799987792969,"","",347.123474417928,625.799987792969
"855",855,347.166471303011 / 837.299987792969,"","",347.166471303011,837.299987792969
"856",856,347.221172694654 / 983.999938964844,"",[M+H-H20]+ 364.226,347.221172694654,983.999938964844
"857",857,347.221103101665 / 946.500061035156,"","",347.221103101665,946.500061035156
"858",858,347.224501518027 / 795.900024414062,[87][M+1]+,"",347.224501518027,795.900024414063
"859",859,348.134393481877 / 612.882934570312,"","",348.134393481877,612.882934570313
"860",860,349.235804854669 / 905.399963378906,"","",349.235804854669,905.399963378906
"861",861,349.235612609533 / 969.899993896484,"","",349.235612609533,969.899993896484
"862",862,350.162847187129 / 570.899963378906,"",[M+H]+ 349.154,350.162847187129,570.899963378906
"863",863,352.198251989446 / 538.170471191406,[88][M]3+,"",352.198251989446,538.170471191406
"864",864,352.53273352381 / 537.990600585938,[88][M+1]3+,"",352.53273352381,537.990600585938
"865",865,354.070635754645 / 883.5,"","",354.070635754645,883.5
"866",866,354.110802148415 / 949.649993896484,"","",354.110802148415,949.649993896484
"867",867,354.154580115643 / 506.399993896484,"","",354.154580115643,506.399993896484
"868",868,355.112592920354 / 637.200012207031,"","",355.112592920354,637.200012207031
"869",869,356.242935989257 / 1093.20007324219,"","",356.242935989257,1093.20007324219
"870",870,356.242654854932 / 1037.40002441406,"","",356.242654854932,1037.40002441406
"871",871,356.24297312005 / 921.299987792969,"","",356.24297312005,921.299987792969
"872",872,357.103930907729 / 162.599990844727,"","",357.103930907729,162.599990844727
"873",873,358.17841442894 / 154.199996948242,"","",358.17841442894,154.199996948242
"874",874,358.221405463381 / 813.599975585938,"","",358.221405463381,813.599975585938
"875",875,358.222152014519 / 833.100036621094,"","",358.222152014519,833.100036621094
"876",876,358.258258990779 / 1111.80004882812,[89][M]+,"",358.258258990779,1111.80004882813
"877",877,358.258178541248 / 1134.90002441406,"","",358.258178541248,1134.90002441406
"878",878,359.122778741065 / 450.299987792969,"","",359.122778741065,450.299987792969
"879",879,359.261179236099 / 1111.80004882812,[89][M+1]+,"",359.261179236099,1111.80004882813
"880",880,360.10014325702 / 675.299987792969,"","",360.10014325702,675.299987792969
"881",881,360.20080065666 / 586.200012207031,"","",360.20080065666,586.200012207031
"882",882,362.150363925883 / 621.599975585938,[90][M]+,[M+2Na-H]+ 317.159 [M+H]+ 361.143,362.150363925883,621.599975585938
"883",883,362.253287428947 / 865.799987792969,"","",362.253287428947,865.799987792969
"884",884,362.318335160812 / 621.486206054688,"","",362.318335160812,621.486206054688
"885",885,362.508753432144 / 621.599975585938,"","",362.508753432144,621.599975585938
"886",886,363.154387577657 / 621.403930664062,[90][M+1]+,"",363.154387577657,621.403930664063
"887",887,363.201087413825 / 647.699951171875,"","",363.201087413825,647.699951171875
"888",888,363.20038855039 / 654.929840087891,"","",363.20038855039,654.929840087891
"889",889,363.45191648919 / 647.699951171875,"","",363.45191648919,647.699951171875
"890",890,363.451996719362 / 655.050018310547,"","",363.451996719363,655.050018310547
"891",891,364.155826163529 / 621.599975585938,"","",364.155826163529,621.599975585938
"892",892,365.135310809346 / 1659,[91][M]+,"",365.135310809346,1659
"893",893,365.126999249735 / 630.000061035156,"","",365.126999249735,630.000061035156
"894",894,365.135731584025 / 1672.5,[92][M]+,[M+Na]+ 342.147,365.135731584025,1672.5
"895",895,365.173451333648 / 71.6999969482422,"","",365.173451333648,71.6999969482422
"896",896,365.192259627903 / 907.5,"","",365.192259627904,907.5
"897",897,365.232064550108 / 983.700073242188,"",[M+H]+ 364.226,365.232064550108,983.700073242188
"898",898,365.231886037471 / 946.799987792969,"","",365.231886037471,946.799987792969
"899",899,366.138853409886 / 1659,[91][M+1]+,"",366.138853409886,1659
"900",900,366.13859315848 / 1672.33154296875,[92][M+1]+,"",366.13859315848,1672.33154296875
"901",901,366.12951183298 / 388.5,"","",366.12951183298,388.5
"902",902,367.150005114498 / 124.199996948242,"","",367.150005114498,124.199996948242
"903",903,368.153057057294 / 123.900009155273,"","",368.153057057294,123.900009155273
"904",904,369.129034742563 / 674.100006103516,"","",369.129034742563,674.100006103516
"905",905,369.237548278236 / 725.400024414062,"","",369.237548278236,725.400024414063
"906",906,372.185285154719 / 590.399963378906,"","",372.185285154719,590.399963378906
"907",907,374.252592196353 / 971.693115234375,"","",374.252592196353,971.693115234375
"908",908,374.252339935065 / 882.899963378906,"","",374.252339935065,882.899963378906
"909",909,375.259236617816 / 827.400024414062,"","",375.259236617816,827.400024414063
"910",910,377.145419398422 / 612.599975585938,"","",377.145419398422,612.599975585938
"911",911,378.145811819042 / 689.699951171875,"","",378.145811819042,689.699951171875
"912",912,378.135477341615 / 560.692504882812,"","",378.135477341615,560.692504882813
"913",913,379.14258248617 / 560.700012207031,"","",379.14258248617,560.700012207031
"914",914,380.144706359337 / 536.100036621094,[93][M]+,"",380.144706359337,536.100036621094
"915",915,381.128853041731 / 633.599975585938,"","",381.128853041731,633.599975585938
"916",916,381.147655560507 / 536.100018310547,[93][M+1]+,"",381.147655560507,536.100018310547
"917",917,382.13253992772 / 633.599975585938,"","",382.132539927721,633.599975585938
"918",918,384.114960453297 / 195.899993896484,"","",384.114960453297,195.899993896484
"919",919,384.15696122907 / 564.900012207031,"",[M+K]+ 345.177,384.15696122907,564.900012207031
"920",920,384.15812177574 / 510.600006103516,"","",384.15812177574,510.600006103516
"921",921,384.156748913718 / 576.299987792969,"","",384.156748913718,576.299987792969
"922",922,384.658537465817 / 564.899963378906,"","",384.658537465817,564.899963378906
"923",923,385.11812606414 / 195.899993896484,"","",385.11812606414,195.899993896484
"924",924,385.161734327807 / 510.462905883789,"","",385.161734327807,510.462905883789
"925",925,385.158451982097 / 564.599975585938,"",[M+Na+NH3]+ 345.177,385.158451982097,564.599975585938
"926",926,386.158022295236 / 510.599990844727,"","",386.158022295236,510.599990844727
"927",927,388.133525740051 / 98.0999984741211,"","",388.133525740051,98.0999984741211
"928",928,391.225586344532 / 505.500045776367,[94][M]3+,"",391.225586344532,505.500045776367
"929",929,391.283498830057 / 31.7999992370605,"","",391.283498830057,31.7999992370606
"930",930,391.559221015301 / 505.499984741211,[94][M+1]3+,"",391.559221015301,505.499984741211
"931",931,396.1614976504 / 110.100006103516,"","",396.1614976504,110.100006103516
"932",932,396.210273037792 / 131.699996948242,"",[3M+K]+ 119.074 [M+K]+ 357.237,396.210273037792,131.699996948242
"933",933,397.124607548852 / 505.199981689453,"","",397.124607548852,505.199981689453
"934",934,402.169023345015 / 153.027450561523,"","",402.169023345015,153.027450561523
"935",935,403.232530614541 / 1806,"",[M+H]+ 402.225,403.232530614541,1806
"936",936,403.884819017529 / 579.599975585938,[95][M]3+,"",403.88481901753,579.599975585938
"937",937,404.218620725545 / 579.600018310547,[95][M+1]3+,"",404.218620725545,579.600018310547
"938",938,404.552998953037 / 579.599975585938,[95][M+2]3+,"",404.552998953037,579.599975585938
"939",939,409.186037725767 / 280.800018310547,"","",409.186037725767,280.800018310547
"940",940,410.154776480602 / 163.200012207031,"","",410.154776480602,163.200012207031
"941",941,412.195992526653 / 467.700012207031,"","",412.195992526653,467.700012207031
"942",942,413.124112245841 / 114,"","",413.124112245841,114
"943",943,413.141246626827 / 520.358856201172,"","",413.141246626827,520.358856201172
"944",944,413.134186416077 / 903.899963378906,"","",413.134186416078,903.899963378906
"945",945,414.053989656189 / 483.900009155273,"","",414.053989656189,483.900009155274
"946",946,414.053781093127 / 445.799987792969,"","",414.053781093127,445.799987792969
"947",947,414.053888536484 / 347.100006103516,"","",414.053888536484,347.100006103516
"948",948,414.14335092235 / 520.200012207031,"","",414.14335092235,520.200012207031
"949",949,417.888637583616 / 560.100006103516,"","",417.888637583616,560.100006103516
"950",950,417.887390565086 / 565.649993896484,"","",417.887390565086,565.649993896484
"951",951,425.213998101164 / 1806,"",[M+Na]+ 402.225,425.213998101164,1806
"952",952,426.212294094132 / 382.5,"","",426.212294094132,382.5
"953",953,427.157109631186 / 593.403747558594,"","",427.157109631186,593.403747558594
"954",954,429.132808651769 / 850.499969482422,"","",429.132808651769,850.499969482422
"955",955,431.144964777748 / 879.599975585938,[96][M]+,[M+H]+ 430.142,431.144964777748,879.599975585938
"956",956,432.14749884058 / 879.449157714844,[96][M+1]+,"",432.14749884058,879.449157714844
"957",957,433.235921022033 / 765,"",[M+H]+ 432.226,433.235921022033,765
"958",958,438.151071991528 / 597.742431640625,"","",438.151071991528,597.742431640625
"959",959,438.234276252756 / 673.500061035156,"","",438.234276252756,673.500061035156
"960",960,439.164440140659 / 920.700012207031,"","",439.164440140659,920.700012207031
"961",961,439.163861845989 / 1039.19995117188,"","",439.163861845989,1039.19995117188
"962",962,439.153832796209 / 597.744140625,"","",439.153832796209,597.744140625
"963",963,441.16164291588 / 920.699951171875,"","",441.16164291588,920.699951171875
"964",964,447.139881233947 / 728.157440185547,"","",447.139881233947,728.157440185547
"965",965,448.304344177954 / 1240.20007324219,"","",448.304344177954,1240.20007324219
"966",966,450.910455979655 / 603.150024414062,[97][M]3+,"",450.910455979655,603.150024414063
"967",967,450.91144128196 / 607.200012207031,[98][M]3+,"",450.91144128196,607.200012207031
"968",968,451.244395326135 / 607.38330078125,[98][M+1]3+,"",451.244395326135,607.38330078125
"969",969,451.244587083253 / 603.150024414062,[97][M+1]3+,"",451.244587083253,603.150024414063
"970",970,456.063754641701 / 631.799987792969,"","",456.063754641701,631.799987792969
"971",971,457.066678501146 / 631.949981689453,"","",457.066678501146,631.949981689453
"972",972,468.004786786605 / 685.199951171875,"","",468.004786786605,685.199951171875
"973",973,468.255270045249 / 685.288330078125,"","",468.255270045249,685.288330078125
"974",974,475.246553016591 / 968.400024414062,"","",475.246553016591,968.400024414063
"975",975,476.148468766351 / 672,"","",476.148468766351,672
"976",976,482.168095584254 / 759.299926757812,"","",482.168095584254,759.299926757813
"977",977,508.260267788814 / 141.900009155273,"","",508.260267788814,141.900009155273
"978",978,518.238207704775 / 1006.19995117188,"","",518.238207704775,1006.19995117188
"979",979,544.217303455762 / 825.900024414062,"","",544.217303455762,825.900024414063
"980",980,546.232856650885 / 739.5,"","",546.232856650885,739.5
"981",981,546.232515530547 / 797.399963378906,"","",546.232515530547,797.399963378906
"982",982,648.269593475312 / 510.599975585938,"","",648.269593475313,510.599975585938
